{"v":"5.4.3","fr":60,"ip":0,"op":120,"w":480,"h":440,"nm":"Attention","ddd":0,"assets":[{"id":"comp_0","layers":[{"ddd":0,"ind":1,"ty":4,"nm":"!","sr":1,"ks":{"o":{"a":1,"k":[{"i":{"x":[0.833],"y":[0.833]},"o":{"x":[0.167],"y":[0.167]},"n":["0p833_0p833_0p167_0p167"],"t":27,"s":[0],"e":[100]},{"t":42}],"ix":11},"r":{"a":0,"k":0,"ix":10},"p":{"a":0,"k":[240.574,219.036,0],"ix":2},"a":{"a":0,"k":[0,0,0],"ix":1},"s":{"a":0,"k":[103.012,103.012,100],"ix":6}},"ao":0,"shapes":[{"ty":"gr","it":[{"ind":0,"ty":"sh","ix":1,"ks":{"a":0,"k":{"i":[[-1.97,0],[-1.39,-1.39],[0,-2.01],[1.4,-1.39],[2.01,0],[1.42,1.4],[0,1.97],[-1.41,1.4]],"o":[[2.01,0],[1.4,1.4],[0,1.97],[-1.39,1.4],[-1.97,0],[-1.41,-1.39],[0,-2.01],[1.42,-1.39]],"v":[[0.002,29.254],[5.102,31.344],[7.202,36.454],[5.102,41.494],[0.002,43.584],[-5.078,41.494],[-7.198,36.454],[-5.078,31.344]],"c":true},"ix":2},"nm":"Path 1","mn":"ADBE Vector Shape - Group","hd":false},{"ind":1,"ty":"sh","ix":2,"ks":{"a":0,"k":{"i":[[0.12,-1.81],[0,0],[0,0],[0,0],[0.09,1.23],[0,1.02],[-1.17,1.54],[-2.29,0],[-1.19,-1.54],[0,-3],[0.06,-1.19]],"o":[[0,0],[0,0],[0,0],[-0.12,-1.4],[-0.08,-1.23],[0,-3],[1.17,-1.54],[2.26,0],[1.19,1.54],[0,0.65],[-0.06,1.19]],"v":[[6.588,-27.219],[3.018,20.951],[-3.012,20.951],[-6.522,-27.159],[-6.832,-31.099],[-6.952,-34.479],[-5.202,-41.279],[-0.002,-43.589],[5.168,-41.279],[6.948,-34.479],[6.858,-31.719]],"c":true},"ix":2},"nm":"Path 2","mn":"ADBE Vector Shape - Group","hd":false},{"ty":"mm","mm":1,"nm":"Merge Paths 1","mn":"ADBE Vector Filter - Merge","hd":false},{"ty":"fl","c":{"a":0,"k":[1,1,1,1],"ix":4},"o":{"a":0,"k":100,"ix":5},"r":1,"bm":0,"nm":"Fill 1","mn":"ADBE Vector Graphic - Fill","hd":false},{"ty":"tr","p":{"a":0,"k":[0,0],"ix":2},"a":{"a":0,"k":[0,0],"ix":1},"s":{"a":0,"k":[200,200],"ix":3},"r":{"a":0,"k":0,"ix":6},"o":{"a":0,"k":100,"ix":7},"sk":{"a":0,"k":0,"ix":4},"sa":{"a":0,"k":0,"ix":5},"nm":"Transform"}],"nm":"!","np":4,"cix":2,"bm":0,"ix":1,"mn":"ADBE Vector Group","hd":false}],"ip":27,"op":120,"st":0,"bm":0},{"ddd":0,"ind":2,"ty":4,"nm":"Triangle_Stroke","sr":1,"ks":{"o":{"a":0,"k":100,"ix":11},"r":{"a":0,"k":0,"ix":10},"p":{"a":0,"k":[240,182,0],"ix":2},"a":{"a":0,"k":[0,0,0],"ix":1},"s":{"a":0,"k":[103.012,103.012,100],"ix":6}},"ao":0,"shapes":[{"ty":"gr","it":[{"ind":0,"ty":"sh","ix":1,"ks":{"a":0,"k":{"i":[[0,0],[0,0],[0,0]],"o":[[0,0],[0,0],[0,0]],"v":[[0,-83],[101,83],[-101,83]],"c":true},"ix":2},"nm":"Path 1","mn":"ADBE Vector Shape - Group","hd":false},{"ty":"rd","nm":"Round Corners 1","r":{"a":0,"k":15,"ix":1},"ix":2,"mn":"ADBE Vector Filter - RC","hd":false},{"ty":"st","c":{"a":0,"k":[0.996078431606,0.592156887054,0.019607843831,1],"ix":3},"o":{"a":0,"k":100,"ix":4},"w":{"a":0,"k":4,"ix":5},"lc":1,"lj":1,"ml":4,"ml2":{"a":0,"k":4,"ix":8},"bm":0,"nm":"Stroke 1","mn":"ADBE Vector Graphic - Stroke","hd":false},{"ty":"tr","p":{"a":0,"k":[0,0],"ix":2},"a":{"a":0,"k":[0,0],"ix":1},"s":{"a":0,"k":[200,200],"ix":3},"r":{"a":0,"k":0,"ix":6},"o":{"a":0,"k":100,"ix":7},"sk":{"a":0,"k":0,"ix":4},"sa":{"a":0,"k":0,"ix":5},"nm":"Transform"}],"nm":"Triangle_Stroke","np":3,"cix":2,"bm":0,"ix":1,"mn":"ADBE Vector Group","hd":false},{"ty":"tm","s":{"a":1,"k":[{"i":{"x":[0.833],"y":[0.833]},"o":{"x":[0.167],"y":[0.167]},"n":["0p833_0p833_0p167_0p167"],"t":0,"s":[0],"e":[20]},{"i":{"x":[0.833],"y":[0.833]},"o":{"x":[0.167],"y":[0.167]},"n":["0p833_0p833_0p167_0p167"],"t":20,"s":[20],"e":[100]},{"t":40}],"ix":1},"e":{"a":0,"k":0,"ix":2},"o":{"a":1,"k":[{"i":{"x":[0.833],"y":[0.833]},"o":{"x":[0.167],"y":[0.167]},"n":["0p833_0p833_0p167_0p167"],"t":0,"s":[0],"e":[168]},{"i":{"x":[0.833],"y":[0.833]},"o":{"x":[0.167],"y":[0.167]},"n":["0p833_0p833_0p167_0p167"],"t":20,"s":[168],"e":[246]},{"t":40}],"ix":3},"m":1,"ix":2,"nm":"Trim Paths 1","mn":"ADBE Vector Filter - Trim","hd":false}],"ip":0,"op":120,"st":0,"bm":0},{"ddd":0,"ind":3,"ty":4,"nm":"Triangle_Fill","sr":1,"ks":{"o":{"a":1,"k":[{"i":{"x":[0.833],"y":[0.833]},"o":{"x":[0.167],"y":[0.167]},"n":["0p833_0p833_0p167_0p167"],"t":5,"s":[0],"e":[100]},{"t":42}],"ix":11},"r":{"a":0,"k":0,"ix":10},"p":{"a":0,"k":[240,182,0],"ix":2},"a":{"a":0,"k":[0,0,0],"ix":1},"s":{"a":0,"k":[103.012,103.012,100],"ix":6}},"ao":0,"shapes":[{"ty":"gr","it":[{"ind":0,"ty":"sh","ix":1,"ks":{"a":0,"k":{"i":[[0,0],[0,0],[0,0]],"o":[[0,0],[0,0],[0,0]],"v":[[0,-83],[101,83],[-101,83]],"c":true},"ix":2},"nm":"Path 1","mn":"ADBE Vector Shape - Group","hd":false},{"ty":"rd","nm":"Round Corners 1","r":{"a":0,"k":15,"ix":1},"ix":2,"mn":"ADBE Vector Filter - RC","hd":false},{"ty":"fl","c":{"a":0,"k":[0.996078431606,0.592156887054,0.019607843831,1],"ix":4},"o":{"a":0,"k":75,"ix":5},"r":1,"bm":0,"nm":"Fill 1","mn":"ADBE Vector Graphic - Fill","hd":false},{"ty":"tr","p":{"a":0,"k":[0,0],"ix":2},"a":{"a":0,"k":[0,0],"ix":1},"s":{"a":0,"k":[200,200],"ix":3},"r":{"a":0,"k":0,"ix":6},"o":{"a":0,"k":100,"ix":7},"sk":{"a":0,"k":0,"ix":4},"sa":{"a":0,"k":0,"ix":5},"nm":"Transform"}],"nm":"Triangle_Fill","np":3,"cix":2,"bm":0,"ix":1,"mn":"ADBE Vector Group","hd":false}],"ip":0,"op":120,"st":0,"bm":0}]}],"layers":[{"ddd":0,"ind":2,"ty":0,"nm":"Smart_Object_(BACKUP)","refId":"comp_0","sr":1,"ks":{"o":{"a":0,"k":100,"ix":11},"r":{"a":0,"k":0,"ix":10},"p":{"a":0,"k":[240,188.86,0],"ix":2},"a":{"a":0,"k":[240,190,0],"ix":1},"s":{"a":1,"k":[{"i":{"x":[0.833,0.833,0.833],"y":[0.833,0.833,1]},"o":{"x":[0.167,0.167,0.167],"y":[0.167,0.167,0]},"n":["0p833_0p833_0p167_0p167","0p833_0p833_0p167_0p167","0p833_1_0p167_0"],"t":0,"s":[80,80,100],"e":[80.8,80.8,100]},{"i":{"x":[0.833,0.833,0.833],"y":[0.833,0.833,1]},"o":{"x":[0.167,0.167,0.167],"y":[0.167,0.167,0]},"n":["0p833_0p833_0p167_0p167","0p833_0p833_0p167_0p167","0p833_1_0p167_0"],"t":1,"s":[80.8,80.8,100],"e":[81.6,81.6,100]},{"i":{"x":[0.833,0.833,0.833],"y":[0.833,0.833,1]},"o":{"x":[0.167,0.167,0.167],"y":[0.167,0.167,0]},"n":["0p833_0p833_0p167_0p167","0p833_0p833_0p167_0p167","0p833_1_0p167_0"],"t":2,"s":[81.6,81.6,100],"e":[82.4,82.4,100]},{"i":{"x":[0.833,0.833,0.833],"y":[0.833,0.833,1]},"o":{"x":[0.167,0.167,0.167],"y":[0.167,0.167,0]},"n":["0p833_0p833_0p167_0p167","0p833_0p833_0p167_0p167","0p833_1_0p167_0"],"t":3,"s":[82.4,82.4,100],"e":[83.2,83.2,100]},{"i":{"x":[0.833,0.833,0.833],"y":[0.833,0.833,1]},"o":{"x":[0.167,0.167,0.167],"y":[0.167,0.167,0]},"n":["0p833_0p833_0p167_0p167","0p833_0p833_0p167_0p167","0p833_1_0p167_0"],"t":4,"s":[83.2,83.2,100],"e":[84,84,100]},{"i":{"x":[0.833,0.833,0.833],"y":[0.833,0.833,1]},"o":{"x":[0.167,0.167,0.167],"y":[0.167,0.167,0]},"n":["0p833_0p833_0p167_0p167","0p833_0p833_0p167_0p167","0p833_1_0p167_0"],"t":5,"s":[84,84,100],"e":[84.8,84.8,100]},{"i":{"x":[0.833,0.833,0.833],"y":[0.833,0.833,1]},"o":{"x":[0.167,0.167,0.167],"y":[0.167,0.167,0]},"n":["0p833_0p833_0p167_0p167","0p833_0p833_0p167_0p167","0p833_1_0p167_0"],"t":6,"s":[84.8,84.8,100],"e":[85.6,85.6,100]},{"i":{"x":[0.833,0.833,0.833],"y":[0.833,0.833,1]},"o":{"x":[0.167,0.167,0.167],"y":[0.167,0.167,0]},"n":["0p833_0p833_0p167_0p167","0p833_0p833_0p167_0p167","0p833_1_0p167_0"],"t":7,"s":[85.6,85.6,100],"e":[86.4,86.4,100]},{"i":{"x":[0.833,0.833,0.833],"y":[0.833,0.833,1]},"o":{"x":[0.167,0.167,0.167],"y":[0.167,0.167,0]},"n":["0p833_0p833_0p167_0p167","0p833_0p833_0p167_0p167","0p833_1_0p167_0"],"t":8,"s":[86.4,86.4,100],"e":[87.2,87.2,100]},{"i":{"x":[0.833,0.833,0.833],"y":[0.833,0.833,1]},"o":{"x":[0.167,0.167,0.167],"y":[0.167,0.167,0]},"n":["0p833_0p833_0p167_0p167","0p833_0p833_0p167_0p167","0p833_1_0p167_0"],"t":9,"s":[87.2,87.2,100],"e":[88,88,100]},{"i":{"x":[0.833,0.833,0.833],"y":[0.833,0.833,1]},"o":{"x":[0.167,0.167,0.167],"y":[0.167,0.167,0]},"n":["0p833_0p833_0p167_0p167","0p833_0p833_0p167_0p167","0p833_1_0p167_0"],"t":10,"s":[88,88,100],"e":[88.8,88.8,100]},{"i":{"x":[0.833,0.833,0.833],"y":[0.833,0.833,1]},"o":{"x":[0.167,0.167,0.167],"y":[0.167,0.167,0]},"n":["0p833_0p833_0p167_0p167","0p833_0p833_0p167_0p167","0p833_1_0p167_0"],"t":11,"s":[88.8,88.8,100],"e":[89.6,89.6,100]},{"i":{"x":[0.833,0.833,0.833],"y":[0.833,0.833,1]},"o":{"x":[0.167,0.167,0.167],"y":[0.167,0.167,0]},"n":["0p833_0p833_0p167_0p167","0p833_0p833_0p167_0p167","0p833_1_0p167_0"],"t":12,"s":[89.6,89.6,100],"e":[90.4,90.4,100]},{"i":{"x":[0.833,0.833,0.833],"y":[0.833,0.833,1]},"o":{"x":[0.167,0.167,0.167],"y":[0.167,0.167,0]},"n":["0p833_0p833_0p167_0p167","0p833_0p833_0p167_0p167","0p833_1_0p167_0"],"t":13,"s":[90.4,90.4,100],"e":[91.2,91.2,100]},{"i":{"x":[0.833,0.833,0.833],"y":[0.833,0.833,1]},"o":{"x":[0.167,0.167,0.167],"y":[0.167,0.167,0]},"n":["0p833_0p833_0p167_0p167","0p833_0p833_0p167_0p167","0p833_1_0p167_0"],"t":14,"s":[91.2,91.2,100],"e":[92,92,100]},{"i":{"x":[0.833,0.833,0.833],"y":[0.833,0.833,1]},"o":{"x":[0.167,0.167,0.167],"y":[0.167,0.167,0]},"n":["0p833_0p833_0p167_0p167","0p833_0p833_0p167_0p167","0p833_1_0p167_0"],"t":15,"s":[92,92,100],"e":[92.8,92.8,100]},{"i":{"x":[0.833,0.833,0.833],"y":[0.833,0.833,1]},"o":{"x":[0.167,0.167,0.167],"y":[0.167,0.167,0]},"n":["0p833_0p833_0p167_0p167","0p833_0p833_0p167_0p167","0p833_1_0p167_0"],"t":16,"s":[92.8,92.8,100],"e":[93.6,93.6,100]},{"i":{"x":[0.833,0.833,0.833],"y":[0.833,0.833,1]},"o":{"x":[0.167,0.167,0.167],"y":[0.167,0.167,0]},"n":["0p833_0p833_0p167_0p167","0p833_0p833_0p167_0p167","0p833_1_0p167_0"],"t":17,"s":[93.6,93.6,100],"e":[94.4,94.4,100]},{"i":{"x":[0.833,0.833,0.833],"y":[0.833,0.833,1]},"o":{"x":[0.167,0.167,0.167],"y":[0.167,0.167,0]},"n":["0p833_0p833_0p167_0p167","0p833_0p833_0p167_0p167","0p833_1_0p167_0"],"t":18,"s":[94.4,94.4,100],"e":[95.2,95.2,100]},{"i":{"x":[0.833,0.833,0.833],"y":[0.833,0.833,1]},"o":{"x":[0.167,0.167,0.167],"y":[0.167,0.167,0]},"n":["0p833_0p833_0p167_0p167","0p833_0p833_0p167_0p167","0p833_1_0p167_0"],"t":19,"s":[95.2,95.2,100],"e":[96,96,100]},{"i":{"x":[0.833,0.833,0.833],"y":[0.833,0.833,1]},"o":{"x":[0.167,0.167,0.167],"y":[0.167,0.167,0]},"n":["0p833_0p833_0p167_0p167","0p833_0p833_0p167_0p167","0p833_1_0p167_0"],"t":20,"s":[96,96,100],"e":[96.8,96.8,100]},{"i":{"x":[0.833,0.833,0.833],"y":[0.833,0.833,1]},"o":{"x":[0.167,0.167,0.167],"y":[0.167,0.167,0]},"n":["0p833_0p833_0p167_0p167","0p833_0p833_0p167_0p167","0p833_1_0p167_0"],"t":21,"s":[96.8,96.8,100],"e":[97.6,97.6,100]},{"i":{"x":[0.833,0.833,0.833],"y":[0.833,0.833,1]},"o":{"x":[0.167,0.167,0.167],"y":[0.167,0.167,0]},"n":["0p833_0p833_0p167_0p167","0p833_0p833_0p167_0p167","0p833_1_0p167_0"],"t":22,"s":[97.6,97.6,100],"e":[98.4,98.4,100]},{"i":{"x":[0.833,0.833,0.833],"y":[0.833,0.833,1]},"o":{"x":[0.167,0.167,0.167],"y":[0.167,0.167,0]},"n":["0p833_0p833_0p167_0p167","0p833_0p833_0p167_0p167","0p833_1_0p167_0"],"t":23,"s":[98.4,98.4,100],"e":[99.2,99.2,100]},{"i":{"x":[0.833,0.833,0.833],"y":[1.264,1.264,1]},"o":{"x":[0.167,0.167,0.167],"y":[0.167,0.167,0]},"n":["0p833_1p264_0p167_0p167","0p833_1p264_0p167_0p167","0p833_1_0p167_0"],"t":24,"s":[99.2,99.2,100],"e":[100,100,100]},{"i":{"x":[0.833,0.833,0.833],"y":[0.829,0.829,1]},"o":{"x":[0.167,0.167,0.167],"y":[0.063,0.063,0]},"n":["0p833_0p829_0p167_0p063","0p833_0p829_0p167_0p063","0p833_1_0p167_0"],"t":25,"s":[100,100,100],"e":[96.663,96.663,100]},{"i":{"x":[0.833,0.833,0.833],"y":[0.829,0.829,1]},"o":{"x":[0.167,0.167,0.167],"y":[0.162,0.162,0]},"n":["0p833_0p829_0p167_0p162","0p833_0p829_0p167_0p162","0p833_1_0p167_0"],"t":26,"s":[96.663,96.663,100],"e":[93.14,93.14,100]},{"i":{"x":[0.833,0.833,0.833],"y":[0.83,0.83,1]},"o":{"x":[0.167,0.167,0.167],"y":[0.163,0.163,0]},"n":["0p833_0p83_0p167_0p163","0p833_0p83_0p167_0p163","0p833_1_0p167_0"],"t":27,"s":[93.14,93.14,100],"e":[89.435,89.435,100]},{"i":{"x":[0.833,0.833,0.833],"y":[0.797,0.797,1]},"o":{"x":[0.167,0.167,0.167],"y":[0.163,0.163,0]},"n":["0p833_0p797_0p167_0p163","0p833_0p797_0p167_0p163","0p833_1_0p167_0"],"t":28,"s":[89.435,89.435,100],"e":[85.564,85.564,100]},{"i":{"x":[0.833,0.833,0.833],"y":[0.927,0.927,1]},"o":{"x":[0.167,0.167,0.167],"y":[0.141,0.141,0]},"n":["0p833_0p927_0p167_0p141","0p833_0p927_0p167_0p141","0p833_1_0p167_0"],"t":29,"s":[85.564,85.564,100],"e":[80,80,100]},{"i":{"x":[0.833,0.833,0.833],"y":[0.72,0.72,1]},"o":{"x":[0.167,0.167,0.167],"y":[-0.595,-0.595,0]},"n":["0p833_0p72_0p167_-0p595","0p833_0p72_0p167_-0p595","0p833_1_0p167_0"],"t":30,"s":[80,80,100],"e":[80.683,80.683,100]},{"i":{"x":[0.833,0.833,0.833],"y":[0.786,0.786,1]},"o":{"x":[0.167,0.167,0.167],"y":[0.119,0.119,0]},"n":["0p833_0p786_0p167_0p119","0p833_0p786_0p167_0p119","0p833_1_0p167_0"],"t":31,"s":[80.683,80.683,100],"e":[82.298,82.298,100]},{"i":{"x":[0.833,0.833,0.833],"y":[0.806,0.806,1]},"o":{"x":[0.167,0.167,0.167],"y":[0.137,0.137,0]},"n":["0p833_0p806_0p167_0p137","0p833_0p806_0p167_0p137","0p833_1_0p167_0"],"t":32,"s":[82.298,82.298,100],"e":[84.825,84.825,100]},{"i":{"x":[0.833,0.833,0.833],"y":[0.623,0.623,1]},"o":{"x":[0.167,0.167,0.167],"y":[0.146,0.146,0]},"n":["0p833_0p623_0p167_0p146","0p833_0p623_0p167_0p146","0p833_1_0p167_0"],"t":33,"s":[84.825,84.825,100],"e":[88.18,88.18,100]},{"i":{"x":[0.833,0.833,0.833],"y":[0.893,0.893,1]},"o":{"x":[0.167,0.167,0.167],"y":[0.107,0.107,0]},"n":["0p833_0p893_0p167_0p107","0p833_0p893_0p167_0p107","0p833_1_0p167_0"],"t":34,"s":[88.18,88.18,100],"e":[100,100,100]},{"i":{"x":[0.833,0.833,0.833],"y":[0.857,0.857,1]},"o":{"x":[0.167,0.167,0.167],"y":[0.38,0.38,0]},"n":["0p833_0p857_0p167_0p38","0p833_0p857_0p167_0p38","0p833_1_0p167_0"],"t":35,"s":[100,100,100],"e":[103.317,103.317,100]},{"i":{"x":[0.833,0.833,0.833],"y":[0.865,0.865,1]},"o":{"x":[0.167,0.167,0.167],"y":[0.199,0.199,0]},"n":["0p833_0p865_0p167_0p199","0p833_0p865_0p167_0p199","0p833_1_0p167_0"],"t":36,"s":[103.317,103.317,100],"e":[105.702,105.702,100]},{"i":{"x":[0.833,0.833,0.833],"y":[0.88,0.88,1]},"o":{"x":[0.167,0.167,0.167],"y":[0.218,0.218,0]},"n":["0p833_0p88_0p167_0p218","0p833_0p88_0p167_0p218","0p833_1_0p167_0"],"t":37,"s":[105.702,105.702,100],"e":[107.175,107.175,100]},{"i":{"x":[0.833,0.833,0.833],"y":[0.924,0.924,1]},"o":{"x":[0.167,0.167,0.167],"y":[0.274,0.274,0]},"n":["0p833_0p924_0p167_0p274","0p833_0p924_0p167_0p274","0p833_1_0p167_0"],"t":38,"s":[107.175,107.175,100],"e":[107.82,107.82,100]},{"i":{"x":[0.833,0.833,0.833],"y":[0.044,0.044,1]},"o":{"x":[0.167,0.167,0.167],"y":[-0.837,-0.837,0]},"n":["0p833_0p044_0p167_-0p837","0p833_0p044_0p167_-0p837","0p833_1_0p167_0"],"t":39,"s":[107.82,107.82,100],"e":[107.762,107.762,100]},{"i":{"x":[0.833,0.833,0.833],"y":[0.78,0.78,1]},"o":{"x":[0.167,0.167,0.167],"y":[0.091,0.091,0]},"n":["0p833_0p78_0p167_0p091","0p833_0p78_0p167_0p091","0p833_1_0p167_0"],"t":40,"s":[107.762,107.762,100],"e":[107.151,107.151,100]},{"i":{"x":[0.833,0.833,0.833],"y":[0.814,0.814,1]},"o":{"x":[0.167,0.167,0.167],"y":[0.134,0.134,0]},"n":["0p833_0p814_0p167_0p134","0p833_0p814_0p167_0p134","0p833_1_0p167_0"],"t":41,"s":[107.151,107.151,100],"e":[106.147,106.147,100]},{"i":{"x":[0.833,0.833,0.833],"y":[0.827,0.827,1]},"o":{"x":[0.167,0.167,0.167],"y":[0.151,0.151,0]},"n":["0p833_0p827_0p167_0p151","0p833_0p827_0p167_0p151","0p833_1_0p167_0"],"t":42,"s":[106.147,106.147,100],"e":[104.904,104.904,100]},{"i":{"x":[0.833,0.833,0.833],"y":[0.835,0.835,1]},"o":{"x":[0.167,0.167,0.167],"y":[0.161,0.161,0]},"n":["0p833_0p835_0p167_0p161","0p833_0p835_0p167_0p161","0p833_1_0p167_0"],"t":43,"s":[104.904,104.904,100],"e":[103.563,103.563,100]},{"i":{"x":[0.833,0.833,0.833],"y":[0.84,0.84,1]},"o":{"x":[0.167,0.167,0.167],"y":[0.168,0.168,0]},"n":["0p833_0p84_0p167_0p168","0p833_0p84_0p167_0p168","0p833_1_0p167_0"],"t":44,"s":[103.563,103.563,100],"e":[102.242,102.242,100]},{"i":{"x":[0.833,0.833,0.833],"y":[0.845,0.845,1]},"o":{"x":[0.167,0.167,0.167],"y":[0.174,0.174,0]},"n":["0p833_0p845_0p167_0p174","0p833_0p845_0p167_0p174","0p833_1_0p167_0"],"t":45,"s":[102.242,102.242,100],"e":[101.033,101.033,100]},{"i":{"x":[0.833,0.833,0.833],"y":[0.851,0.851,1]},"o":{"x":[0.167,0.167,0.167],"y":[0.181,0.181,0]},"n":["0p833_0p851_0p167_0p181","0p833_0p851_0p167_0p181","0p833_1_0p167_0"],"t":46,"s":[101.033,101.033,100],"e":[100,100,100]},{"i":{"x":[0.833,0.833,0.833],"y":[0.857,0.857,1]},"o":{"x":[0.167,0.167,0.167],"y":[0.189,0.189,0]},"n":["0p833_0p857_0p167_0p189","0p833_0p857_0p167_0p189","0p833_1_0p167_0"],"t":47,"s":[100,100,100],"e":[99.182,99.182,100]},{"i":{"x":[0.833,0.833,0.833],"y":[0.865,0.865,1]},"o":{"x":[0.167,0.167,0.167],"y":[0.199,0.199,0]},"n":["0p833_0p865_0p167_0p199","0p833_0p865_0p167_0p199","0p833_1_0p167_0"],"t":48,"s":[99.182,99.182,100],"e":[98.594,98.594,100]},{"i":{"x":[0.833,0.833,0.833],"y":[0.88,0.88,1]},"o":{"x":[0.167,0.167,0.167],"y":[0.218,0.218,0]},"n":["0p833_0p88_0p167_0p218","0p833_0p88_0p167_0p218","0p833_1_0p167_0"],"t":49,"s":[98.594,98.594,100],"e":[98.231,98.231,100]},{"i":{"x":[0.833,0.833,0.833],"y":[0.924,0.924,1]},"o":{"x":[0.167,0.167,0.167],"y":[0.274,0.274,0]},"n":["0p833_0p924_0p167_0p274","0p833_0p924_0p167_0p274","0p833_1_0p167_0"],"t":50,"s":[98.231,98.231,100],"e":[98.072,98.072,100]},{"i":{"x":[0.833,0.833,0.833],"y":[0.044,0.044,1]},"o":{"x":[0.167,0.167,0.167],"y":[-0.837,-0.837,0]},"n":["0p833_0p044_0p167_-0p837","0p833_0p044_0p167_-0p837","0p833_1_0p167_0"],"t":51,"s":[98.072,98.072,100],"e":[98.086,98.086,100]},{"i":{"x":[0.833,0.833,0.833],"y":[0.78,0.78,1]},"o":{"x":[0.167,0.167,0.167],"y":[0.091,0.091,0]},"n":["0p833_0p78_0p167_0p091","0p833_0p78_0p167_0p091","0p833_1_0p167_0"],"t":52,"s":[98.086,98.086,100],"e":[98.237,98.237,100]},{"i":{"x":[0.833,0.833,0.833],"y":[0.814,0.814,1]},"o":{"x":[0.167,0.167,0.167],"y":[0.134,0.134,0]},"n":["0p833_0p814_0p167_0p134","0p833_0p814_0p167_0p134","0p833_1_0p167_0"],"t":53,"s":[98.237,98.237,100],"e":[98.484,98.484,100]},{"i":{"x":[0.833,0.833,0.833],"y":[0.827,0.827,1]},"o":{"x":[0.167,0.167,0.167],"y":[0.151,0.151,0]},"n":["0p833_0p827_0p167_0p151","0p833_0p827_0p167_0p151","0p833_1_0p167_0"],"t":54,"s":[98.484,98.484,100],"e":[98.791,98.791,100]},{"i":{"x":[0.833,0.833,0.833],"y":[0.835,0.835,1]},"o":{"x":[0.167,0.167,0.167],"y":[0.161,0.161,0]},"n":["0p833_0p835_0p167_0p161","0p833_0p835_0p167_0p161","0p833_1_0p167_0"],"t":55,"s":[98.791,98.791,100],"e":[99.121,99.121,100]},{"i":{"x":[0.833,0.833,0.833],"y":[0.84,0.84,1]},"o":{"x":[0.167,0.167,0.167],"y":[0.168,0.168,0]},"n":["0p833_0p84_0p167_0p168","0p833_0p84_0p167_0p168","0p833_1_0p167_0"],"t":56,"s":[99.121,99.121,100],"e":[99.447,99.447,100]},{"i":{"x":[0.833,0.833,0.833],"y":[0.845,0.845,1]},"o":{"x":[0.167,0.167,0.167],"y":[0.174,0.174,0]},"n":["0p833_0p845_0p167_0p174","0p833_0p845_0p167_0p174","0p833_1_0p167_0"],"t":57,"s":[99.447,99.447,100],"e":[99.745,99.745,100]},{"i":{"x":[0.833,0.833,0.833],"y":[0.851,0.851,1]},"o":{"x":[0.167,0.167,0.167],"y":[0.181,0.181,0]},"n":["0p833_0p851_0p167_0p181","0p833_0p851_0p167_0p181","0p833_1_0p167_0"],"t":58,"s":[99.745,99.745,100],"e":[100,100,100]},{"i":{"x":[0.833,0.833,0.833],"y":[0.857,0.857,1]},"o":{"x":[0.167,0.167,0.167],"y":[0.189,0.189,0]},"n":["0p833_0p857_0p167_0p189","0p833_0p857_0p167_0p189","0p833_1_0p167_0"],"t":59,"s":[100,100,100],"e":[100.202,100.202,100]},{"i":{"x":[0.833,0.833,0.833],"y":[0.865,0.865,1]},"o":{"x":[0.167,0.167,0.167],"y":[0.199,0.199,0]},"n":["0p833_0p865_0p167_0p199","0p833_0p865_0p167_0p199","0p833_1_0p167_0"],"t":60,"s":[100.202,100.202,100],"e":[100.347,100.347,100]},{"i":{"x":[0.833,0.833,0.833],"y":[0.88,0.88,1]},"o":{"x":[0.167,0.167,0.167],"y":[0.218,0.218,0]},"n":["0p833_0p88_0p167_0p218","0p833_0p88_0p167_0p218","0p833_1_0p167_0"],"t":61,"s":[100.347,100.347,100],"e":[100.436,100.436,100]},{"i":{"x":[0.833,0.833,0.833],"y":[0.924,0.924,1]},"o":{"x":[0.167,0.167,0.167],"y":[0.274,0.274,0]},"n":["0p833_0p924_0p167_0p274","0p833_0p924_0p167_0p274","0p833_1_0p167_0"],"t":62,"s":[100.436,100.436,100],"e":[100.476,100.476,100]},{"i":{"x":[0.833,0.833,0.833],"y":[0.044,0.044,1]},"o":{"x":[0.167,0.167,0.167],"y":[-0.837,-0.837,0]},"n":["0p833_0p044_0p167_-0p837","0p833_0p044_0p167_-0p837","0p833_1_0p167_0"],"t":63,"s":[100.476,100.476,100],"e":[100.472,100.472,100]},{"i":{"x":[0.833,0.833,0.833],"y":[0.78,0.78,1]},"o":{"x":[0.167,0.167,0.167],"y":[0.091,0.091,0]},"n":["0p833_0p78_0p167_0p091","0p833_0p78_0p167_0p091","0p833_1_0p167_0"],"t":64,"s":[100.472,100.472,100],"e":[100.435,100.435,100]},{"i":{"x":[0.833,0.833,0.833],"y":[0.814,0.814,1]},"o":{"x":[0.167,0.167,0.167],"y":[0.134,0.134,0]},"n":["0p833_0p814_0p167_0p134","0p833_0p814_0p167_0p134","0p833_1_0p167_0"],"t":65,"s":[100.435,100.435,100],"e":[100.374,100.374,100]},{"i":{"x":[0.833,0.833,0.833],"y":[0.827,0.827,1]},"o":{"x":[0.167,0.167,0.167],"y":[0.151,0.151,0]},"n":["0p833_0p827_0p167_0p151","0p833_0p827_0p167_0p151","0p833_1_0p167_0"],"t":66,"s":[100.374,100.374,100],"e":[100.298,100.298,100]},{"i":{"x":[0.833,0.833,0.833],"y":[0.835,0.835,1]},"o":{"x":[0.167,0.167,0.167],"y":[0.161,0.161,0]},"n":["0p833_0p835_0p167_0p161","0p833_0p835_0p167_0p161","0p833_1_0p167_0"],"t":67,"s":[100.298,100.298,100],"e":[100.217,100.217,100]},{"i":{"x":[0.833,0.833,0.833],"y":[0.84,0.84,1]},"o":{"x":[0.167,0.167,0.167],"y":[0.168,0.168,0]},"n":["0p833_0p84_0p167_0p168","0p833_0p84_0p167_0p168","0p833_1_0p167_0"],"t":68,"s":[100.217,100.217,100],"e":[100.136,100.136,100]},{"i":{"x":[0.833,0.833,0.833],"y":[0.845,0.845,1]},"o":{"x":[0.167,0.167,0.167],"y":[0.174,0.174,0]},"n":["0p833_0p845_0p167_0p174","0p833_0p845_0p167_0p174","0p833_1_0p167_0"],"t":69,"s":[100.136,100.136,100],"e":[100.063,100.063,100]},{"i":{"x":[0.833,0.833,0.833],"y":[0.851,0.851,1]},"o":{"x":[0.167,0.167,0.167],"y":[0.181,0.181,0]},"n":["0p833_0p851_0p167_0p181","0p833_0p851_0p167_0p181","0p833_1_0p167_0"],"t":70,"s":[100.063,100.063,100],"e":[100,100,100]},{"i":{"x":[0.833,0.833,0.833],"y":[0.857,0.857,1]},"o":{"x":[0.167,0.167,0.167],"y":[0.189,0.189,0]},"n":["0p833_0p857_0p167_0p189","0p833_0p857_0p167_0p189","0p833_1_0p167_0"],"t":71,"s":[100,100,100],"e":[99.95,99.95,100]},{"i":{"x":[0.833,0.833,0.833],"y":[0.865,0.865,1]},"o":{"x":[0.167,0.167,0.167],"y":[0.199,0.199,0]},"n":["0p833_0p865_0p167_0p199","0p833_0p865_0p167_0p199","0p833_1_0p167_0"],"t":72,"s":[99.95,99.95,100],"e":[99.915,99.915,100]},{"i":{"x":[0.833,0.833,0.833],"y":[0.88,0.88,1]},"o":{"x":[0.167,0.167,0.167],"y":[0.218,0.218,0]},"n":["0p833_0p88_0p167_0p218","0p833_0p88_0p167_0p218","0p833_1_0p167_0"],"t":73,"s":[99.915,99.915,100],"e":[99.892,99.892,100]},{"i":{"x":[0.833,0.833,0.833],"y":[0.924,0.924,1]},"o":{"x":[0.167,0.167,0.167],"y":[0.274,0.274,0]},"n":["0p833_0p924_0p167_0p274","0p833_0p924_0p167_0p274","0p833_1_0p167_0"],"t":74,"s":[99.892,99.892,100],"e":[99.883,99.883,100]},{"i":{"x":[0.833,0.833,0.833],"y":[0.044,0.044,1]},"o":{"x":[0.167,0.167,0.167],"y":[-0.837,-0.837,0]},"n":["0p833_0p044_0p167_-0p837","0p833_0p044_0p167_-0p837","0p833_1_0p167_0"],"t":75,"s":[99.883,99.883,100],"e":[99.884,99.884,100]},{"i":{"x":[0.833,0.833,0.833],"y":[0.78,0.78,1]},"o":{"x":[0.167,0.167,0.167],"y":[0.091,0.091,0]},"n":["0p833_0p78_0p167_0p091","0p833_0p78_0p167_0p091","0p833_1_0p167_0"],"t":76,"s":[99.884,99.884,100],"e":[99.893,99.893,100]},{"i":{"x":[0.833,0.833,0.833],"y":[0.814,0.814,1]},"o":{"x":[0.167,0.167,0.167],"y":[0.134,0.134,0]},"n":["0p833_0p814_0p167_0p134","0p833_0p814_0p167_0p134","0p833_1_0p167_0"],"t":77,"s":[99.893,99.893,100],"e":[99.908,99.908,100]},{"i":{"x":[0.833,0.833,0.833],"y":[0.827,0.827,1]},"o":{"x":[0.167,0.167,0.167],"y":[0.151,0.151,0]},"n":["0p833_0p827_0p167_0p151","0p833_0p827_0p167_0p151","0p833_1_0p167_0"],"t":78,"s":[99.908,99.908,100],"e":[99.926,99.926,100]},{"i":{"x":[0.833,0.833,0.833],"y":[0.835,0.835,1]},"o":{"x":[0.167,0.167,0.167],"y":[0.161,0.161,0]},"n":["0p833_0p835_0p167_0p161","0p833_0p835_0p167_0p161","0p833_1_0p167_0"],"t":79,"s":[99.926,99.926,100],"e":[99.947,99.947,100]},{"i":{"x":[0.833,0.833,0.833],"y":[0.84,0.84,1]},"o":{"x":[0.167,0.167,0.167],"y":[0.168,0.168,0]},"n":["0p833_0p84_0p167_0p168","0p833_0p84_0p167_0p168","0p833_1_0p167_0"],"t":80,"s":[99.947,99.947,100],"e":[99.966,99.966,100]},{"i":{"x":[0.833,0.833,0.833],"y":[0.845,0.845,1]},"o":{"x":[0.167,0.167,0.167],"y":[0.174,0.174,0]},"n":["0p833_0p845_0p167_0p174","0p833_0p845_0p167_0p174","0p833_1_0p167_0"],"t":81,"s":[99.966,99.966,100],"e":[99.985,99.985,100]},{"i":{"x":[0.833,0.833,0.833],"y":[0.851,0.851,1]},"o":{"x":[0.167,0.167,0.167],"y":[0.181,0.181,0]},"n":["0p833_0p851_0p167_0p181","0p833_0p851_0p167_0p181","0p833_1_0p167_0"],"t":82,"s":[99.985,99.985,100],"e":[100,100,100]},{"i":{"x":[0.833,0.833,0.833],"y":[0.857,0.857,1]},"o":{"x":[0.167,0.167,0.167],"y":[0.189,0.189,0]},"n":["0p833_0p857_0p167_0p189","0p833_0p857_0p167_0p189","0p833_1_0p167_0"],"t":83,"s":[100,100,100],"e":[100.012,100.012,100]},{"i":{"x":[0.833,0.833,0.833],"y":[0.865,0.865,1]},"o":{"x":[0.167,0.167,0.167],"y":[0.199,0.199,0]},"n":["0p833_0p865_0p167_0p199","0p833_0p865_0p167_0p199","0p833_1_0p167_0"],"t":84,"s":[100.012,100.012,100],"e":[100.021,100.021,100]},{"i":{"x":[0.833,0.833,0.833],"y":[0.88,0.88,1]},"o":{"x":[0.167,0.167,0.167],"y":[0.218,0.218,0]},"n":["0p833_0p88_0p167_0p218","0p833_0p88_0p167_0p218","0p833_1_0p167_0"],"t":85,"s":[100.021,100.021,100],"e":[100.027,100.027,100]},{"i":{"x":[0.833,0.833,0.833],"y":[0.924,0.924,1]},"o":{"x":[0.167,0.167,0.167],"y":[0.274,0.274,0]},"n":["0p833_0p924_0p167_0p274","0p833_0p924_0p167_0p274","0p833_1_0p167_0"],"t":86,"s":[100.027,100.027,100],"e":[100.029,100.029,100]},{"i":{"x":[0.833,0.833,0.833],"y":[0.044,0.044,1]},"o":{"x":[0.167,0.167,0.167],"y":[-0.837,-0.837,0]},"n":["0p833_0p044_0p167_-0p837","0p833_0p044_0p167_-0p837","0p833_1_0p167_0"],"t":87,"s":[100.029,100.029,100],"e":[100.029,100.029,100]},{"i":{"x":[0.833,0.833,0.833],"y":[0.78,0.78,1]},"o":{"x":[0.167,0.167,0.167],"y":[0.091,0.091,0]},"n":["0p833_0p78_0p167_0p091","0p833_0p78_0p167_0p091","0p833_1_0p167_0"],"t":88,"s":[100.029,100.029,100],"e":[100.026,100.026,100]},{"i":{"x":[0.833,0.833,0.833],"y":[0.814,0.814,1]},"o":{"x":[0.167,0.167,0.167],"y":[0.134,0.134,0]},"n":["0p833_0p814_0p167_0p134","0p833_0p814_0p167_0p134","0p833_1_0p167_0"],"t":89,"s":[100.026,100.026,100],"e":[100.023,100.023,100]},{"i":{"x":[0.833,0.833,0.833],"y":[0.827,0.827,1]},"o":{"x":[0.167,0.167,0.167],"y":[0.151,0.151,0]},"n":["0p833_0p827_0p167_0p151","0p833_0p827_0p167_0p151","0p833_1_0p167_0"],"t":90,"s":[100.023,100.023,100],"e":[100.018,100.018,100]},{"i":{"x":[0.833,0.833,0.833],"y":[0.835,0.835,1]},"o":{"x":[0.167,0.167,0.167],"y":[0.161,0.161,0]},"n":["0p833_0p835_0p167_0p161","0p833_0p835_0p167_0p161","0p833_1_0p167_0"],"t":91,"s":[100.018,100.018,100],"e":[100.013,100.013,100]},{"i":{"x":[0.833,0.833,0.833],"y":[0.84,0.84,1]},"o":{"x":[0.167,0.167,0.167],"y":[0.168,0.168,0]},"n":["0p833_0p84_0p167_0p168","0p833_0p84_0p167_0p168","0p833_1_0p167_0"],"t":92,"s":[100.013,100.013,100],"e":[100.008,100.008,100]},{"i":{"x":[0.833,0.833,0.833],"y":[0.845,0.845,1]},"o":{"x":[0.167,0.167,0.167],"y":[0.174,0.174,0]},"n":["0p833_0p845_0p167_0p174","0p833_0p845_0p167_0p174","0p833_1_0p167_0"],"t":93,"s":[100.008,100.008,100],"e":[100.004,100.004,100]},{"i":{"x":[0.833,0.833,0.833],"y":[0.851,0.851,1]},"o":{"x":[0.167,0.167,0.167],"y":[0.181,0.181,0]},"n":["0p833_0p851_0p167_0p181","0p833_0p851_0p167_0p181","0p833_1_0p167_0"],"t":94,"s":[100.004,100.004,100],"e":[100,100,100]},{"i":{"x":[0.833,0.833,0.833],"y":[0.857,0.857,1]},"o":{"x":[0.167,0.167,0.167],"y":[0.189,0.189,0]},"n":["0p833_0p857_0p167_0p189","0p833_0p857_0p167_0p189","0p833_1_0p167_0"],"t":95,"s":[100,100,100],"e":[99.997,99.997,100]},{"i":{"x":[0.833,0.833,0.833],"y":[0.865,0.865,1]},"o":{"x":[0.167,0.167,0.167],"y":[0.199,0.199,0]},"n":["0p833_0p865_0p167_0p199","0p833_0p865_0p167_0p199","0p833_1_0p167_0"],"t":96,"s":[99.997,99.997,100],"e":[99.995,99.995,100]},{"i":{"x":[0.833,0.833,0.833],"y":[0.88,0.88,1]},"o":{"x":[0.167,0.167,0.167],"y":[0.218,0.218,0]},"n":["0p833_0p88_0p167_0p218","0p833_0p88_0p167_0p218","0p833_1_0p167_0"],"t":97,"s":[99.995,99.995,100],"e":[99.993,99.993,100]},{"i":{"x":[0.833,0.833,0.833],"y":[0.924,0.924,1]},"o":{"x":[0.167,0.167,0.167],"y":[0.274,0.274,0]},"n":["0p833_0p924_0p167_0p274","0p833_0p924_0p167_0p274","0p833_1_0p167_0"],"t":98,"s":[99.993,99.993,100],"e":[99.993,99.993,100]},{"i":{"x":[0.833,0.833,0.833],"y":[0.044,0.044,1]},"o":{"x":[0.167,0.167,0.167],"y":[-0.837,-0.837,0]},"n":["0p833_0p044_0p167_-0p837","0p833_0p044_0p167_-0p837","0p833_1_0p167_0"],"t":99,"s":[99.993,99.993,100],"e":[99.993,99.993,100]},{"i":{"x":[0.833,0.833,0.833],"y":[0.78,0.78,1]},"o":{"x":[0.167,0.167,0.167],"y":[0.091,0.091,0]},"n":["0p833_0p78_0p167_0p091","0p833_0p78_0p167_0p091","0p833_1_0p167_0"],"t":100,"s":[99.993,99.993,100],"e":[99.993,99.993,100]},{"i":{"x":[0.833,0.833,0.833],"y":[0.814,0.814,1]},"o":{"x":[0.167,0.167,0.167],"y":[0.134,0.134,0]},"n":["0p833_0p814_0p167_0p134","0p833_0p814_0p167_0p134","0p833_1_0p167_0"],"t":101,"s":[99.993,99.993,100],"e":[99.994,99.994,100]},{"i":{"x":[0.833,0.833,0.833],"y":[0.827,0.827,1]},"o":{"x":[0.167,0.167,0.167],"y":[0.151,0.151,0]},"n":["0p833_0p827_0p167_0p151","0p833_0p827_0p167_0p151","0p833_1_0p167_0"],"t":102,"s":[99.994,99.994,100],"e":[99.996,99.996,100]},{"i":{"x":[0.833,0.833,0.833],"y":[0.835,0.835,1]},"o":{"x":[0.167,0.167,0.167],"y":[0.161,0.161,0]},"n":["0p833_0p835_0p167_0p161","0p833_0p835_0p167_0p161","0p833_1_0p167_0"],"t":103,"s":[99.996,99.996,100],"e":[99.997,99.997,100]},{"i":{"x":[0.833,0.833,0.833],"y":[0.84,0.84,1]},"o":{"x":[0.167,0.167,0.167],"y":[0.168,0.168,0]},"n":["0p833_0p84_0p167_0p168","0p833_0p84_0p167_0p168","0p833_1_0p167_0"],"t":104,"s":[99.997,99.997,100],"e":[99.998,99.998,100]},{"i":{"x":[0.833,0.833,0.833],"y":[0.845,0.845,1]},"o":{"x":[0.167,0.167,0.167],"y":[0.174,0.174,0]},"n":["0p833_0p845_0p167_0p174","0p833_0p845_0p167_0p174","0p833_1_0p167_0"],"t":105,"s":[99.998,99.998,100],"e":[99.999,99.999,100]},{"i":{"x":[0.833,0.833,0.833],"y":[0.851,0.851,1]},"o":{"x":[0.167,0.167,0.167],"y":[0.181,0.181,0]},"n":["0p833_0p851_0p167_0p181","0p833_0p851_0p167_0p181","0p833_1_0p167_0"],"t":106,"s":[99.999,99.999,100],"e":[100,100,100]},{"i":{"x":[0.833,0.833,0.833],"y":[0.857,0.857,1]},"o":{"x":[0.167,0.167,0.167],"y":[0.189,0.189,0]},"n":["0p833_0p857_0p167_0p189","0p833_0p857_0p167_0p189","0p833_1_0p167_0"],"t":107,"s":[100,100,100],"e":[100.001,100.001,100]},{"i":{"x":[0.833,0.833,0.833],"y":[0.865,0.865,1]},"o":{"x":[0.167,0.167,0.167],"y":[0.199,0.199,0]},"n":["0p833_0p865_0p167_0p199","0p833_0p865_0p167_0p199","0p833_1_0p167_0"],"t":108,"s":[100.001,100.001,100],"e":[100.001,100.001,100]},{"i":{"x":[0.833,0.833,0.833],"y":[0.88,0.88,1]},"o":{"x":[0.167,0.167,0.167],"y":[0.218,0.218,0]},"n":["0p833_0p88_0p167_0p218","0p833_0p88_0p167_0p218","0p833_1_0p167_0"],"t":109,"s":[100.001,100.001,100],"e":[100.002,100.002,100]},{"i":{"x":[0.833,0.833,0.833],"y":[0.924,0.924,1]},"o":{"x":[0.167,0.167,0.167],"y":[0.274,0.274,0]},"n":["0p833_0p924_0p167_0p274","0p833_0p924_0p167_0p274","0p833_1_0p167_0"],"t":110,"s":[100.002,100.002,100],"e":[100.002,100.002,100]},{"i":{"x":[0.833,0.833,0.833],"y":[0.044,0.044,1]},"o":{"x":[0.167,0.167,0.167],"y":[-0.837,-0.837,0]},"n":["0p833_0p044_0p167_-0p837","0p833_0p044_0p167_-0p837","0p833_1_0p167_0"],"t":111,"s":[100.002,100.002,100],"e":[100.002,100.002,100]},{"i":{"x":[0.833,0.833,0.833],"y":[0.78,0.78,1]},"o":{"x":[0.167,0.167,0.167],"y":[0.091,0.091,0]},"n":["0p833_0p78_0p167_0p091","0p833_0p78_0p167_0p091","0p833_1_0p167_0"],"t":112,"s":[100.002,100.002,100],"e":[100.002,100.002,100]},{"i":{"x":[0.833,0.833,0.833],"y":[0.814,0.814,1]},"o":{"x":[0.167,0.167,0.167],"y":[0.134,0.134,0]},"n":["0p833_0p814_0p167_0p134","0p833_0p814_0p167_0p134","0p833_1_0p167_0"],"t":113,"s":[100.002,100.002,100],"e":[100.001,100.001,100]},{"i":{"x":[0.833,0.833,0.833],"y":[0.827,0.827,1]},"o":{"x":[0.167,0.167,0.167],"y":[0.151,0.151,0]},"n":["0p833_0p827_0p167_0p151","0p833_0p827_0p167_0p151","0p833_1_0p167_0"],"t":114,"s":[100.001,100.001,100],"e":[100.001,100.001,100]},{"i":{"x":[0.833,0.833,0.833],"y":[0.835,0.835,1]},"o":{"x":[0.167,0.167,0.167],"y":[0.161,0.161,0]},"n":["0p833_0p835_0p167_0p161","0p833_0p835_0p167_0p161","0p833_1_0p167_0"],"t":115,"s":[100.001,100.001,100],"e":[100.001,100.001,100]},{"i":{"x":[0.833,0.833,0.833],"y":[0.84,0.84,1]},"o":{"x":[0.167,0.167,0.167],"y":[0.168,0.168,0]},"n":["0p833_0p84_0p167_0p168","0p833_0p84_0p167_0p168","0p833_1_0p167_0"],"t":116,"s":[100.001,100.001,100],"e":[100.001,100.001,100]},{"i":{"x":[0.833,0.833,0.833],"y":[0.845,0.845,1]},"o":{"x":[0.167,0.167,0.167],"y":[0.174,0.174,0]},"n":["0p833_0p845_0p167_0p174","0p833_0p845_0p167_0p174","0p833_1_0p167_0"],"t":117,"s":[100.001,100.001,100],"e":[100,100,100]},{"i":{"x":[0.833,0.833,0.833],"y":[0.833,0.833,1]},"o":{"x":[0.167,0.167,0.167],"y":[0.181,0.181,0]},"n":["0p833_0p833_0p167_0p181","0p833_0p833_0p167_0p181","0p833_1_0p167_0"],"t":118,"s":[100,100,100],"e":[100,100,100]},{"t":119}],"ix":6}},"ao":0,"w":480,"h":380,"ip":0,"op":120,"st":0,"bm":0},{"ddd":0,"ind":3,"ty":4,"nm":"Shdw","sr":1,"ks":{"o":{"a":1,"k":[{"i":{"x":[0.833],"y":[0.833]},"o":{"x":[0.167],"y":[0.167]},"n":["0p833_0p833_0p167_0p167"],"t":0,"s":[0],"e":[75]},{"i":{"x":[0.833],"y":[0.833]},"o":{"x":[0.167],"y":[0.167]},"n":["0p833_0p833_0p167_0p167"],"t":7,"s":[75],"e":[75]},{"i":{"x":[0.833],"y":[0.833]},"o":{"x":[0.167],"y":[0.167]},"n":["0p833_0p833_0p167_0p167"],"t":135,"s":[75],"e":[0]},{"t":149}],"ix":11},"r":{"a":0,"k":0,"ix":10},"p":{"a":0,"k":[240,404,0],"ix":2,"x":"var $bm_rt;\nvar n, n, t, t, v, amp, freq, decay;\n$bm_rt = n = 0;\nif (numKeys > 0) {\n    $bm_rt = n = nearestKey(time).index;\n    if (key(n).time > time) {\n        n--;\n    }\n}\nif (n == 0) {\n    $bm_rt = t = 0;\n} else {\n    $bm_rt = t = sub(time, key(n).time);\n}\nif (n > 0) {\n    v = velocityAtTime(sub(key(n).time, div(thisComp.frameDuration, 10)));\n    amp = div(thisComp.layer('Physics Adjustment').effect('Amplitude')('Slider'), 100);\n    freq = thisComp.layer('Physics Adjustment').effect('Frequency')('Slider');\n    decay = thisComp.layer('Physics Adjustment').effect('Decay')('Slider');\n    $bm_rt = sum(value, div(mul(mul(v, amp), Math.sin(mul(mul(mul(freq, t), 2), Math.PI))), Math.exp(mul(decay, t))));\n} else {\n    $bm_rt = value;\n}"},"a":{"a":0,"k":[0,0,0],"ix":1},"s":{"a":1,"k":[{"i":{"x":[0.833,0.833,0.833],"y":[0.833,0.833,1]},"o":{"x":[0.167,0.167,0.167],"y":[0.167,0.167,0]},"n":["0p833_0p833_0p167_0p167","0p833_0p833_0p167_0p167","0p833_1_0p167_0"],"t":0,"s":[80,80,100],"e":[81.333,81.333,100]},{"i":{"x":[0.833,0.833,0.833],"y":[0.833,0.833,1]},"o":{"x":[0.167,0.167,0.167],"y":[0.167,0.167,0]},"n":["0p833_0p833_0p167_0p167","0p833_0p833_0p167_0p167","0p833_1_0p167_0"],"t":1,"s":[81.333,81.333,100],"e":[82.667,82.667,100]},{"i":{"x":[0.833,0.833,0.833],"y":[0.833,0.833,1]},"o":{"x":[0.167,0.167,0.167],"y":[0.167,0.167,0]},"n":["0p833_0p833_0p167_0p167","0p833_0p833_0p167_0p167","0p833_1_0p167_0"],"t":2,"s":[82.667,82.667,100],"e":[84,84,100]},{"i":{"x":[0.833,0.833,0.833],"y":[0.833,0.833,1]},"o":{"x":[0.167,0.167,0.167],"y":[0.167,0.167,0]},"n":["0p833_0p833_0p167_0p167","0p833_0p833_0p167_0p167","0p833_1_0p167_0"],"t":3,"s":[84,84,100],"e":[85.333,85.333,100]},{"i":{"x":[0.833,0.833,0.833],"y":[0.833,0.833,1]},"o":{"x":[0.167,0.167,0.167],"y":[0.167,0.167,0]},"n":["0p833_0p833_0p167_0p167","0p833_0p833_0p167_0p167","0p833_1_0p167_0"],"t":4,"s":[85.333,85.333,100],"e":[86.667,86.667,100]},{"i":{"x":[0.833,0.833,0.833],"y":[0.833,0.833,1]},"o":{"x":[0.167,0.167,0.167],"y":[0.167,0.167,0]},"n":["0p833_0p833_0p167_0p167","0p833_0p833_0p167_0p167","0p833_1_0p167_0"],"t":5,"s":[86.667,86.667,100],"e":[88,88,100]},{"i":{"x":[0.833,0.833,0.833],"y":[0.833,0.833,1]},"o":{"x":[0.167,0.167,0.167],"y":[0.167,0.167,0]},"n":["0p833_0p833_0p167_0p167","0p833_0p833_0p167_0p167","0p833_1_0p167_0"],"t":6,"s":[88,88,100],"e":[89.333,89.333,100]},{"i":{"x":[0.833,0.833,0.833],"y":[0.833,0.833,1]},"o":{"x":[0.167,0.167,0.167],"y":[0.167,0.167,0]},"n":["0p833_0p833_0p167_0p167","0p833_0p833_0p167_0p167","0p833_1_0p167_0"],"t":7,"s":[89.333,89.333,100],"e":[90.667,90.667,100]},{"i":{"x":[0.833,0.833,0.833],"y":[0.833,0.833,1]},"o":{"x":[0.167,0.167,0.167],"y":[0.167,0.167,0]},"n":["0p833_0p833_0p167_0p167","0p833_0p833_0p167_0p167","0p833_1_0p167_0"],"t":8,"s":[90.667,90.667,100],"e":[92,92,100]},{"i":{"x":[0.833,0.833,0.833],"y":[0.833,0.833,1]},"o":{"x":[0.167,0.167,0.167],"y":[0.167,0.167,0]},"n":["0p833_0p833_0p167_0p167","0p833_0p833_0p167_0p167","0p833_1_0p167_0"],"t":9,"s":[92,92,100],"e":[93.333,93.333,100]},{"i":{"x":[0.833,0.833,0.833],"y":[0.833,0.833,1]},"o":{"x":[0.167,0.167,0.167],"y":[0.167,0.167,0]},"n":["0p833_0p833_0p167_0p167","0p833_0p833_0p167_0p167","0p833_1_0p167_0"],"t":10,"s":[93.333,93.333,100],"e":[94.667,94.667,100]},{"i":{"x":[0.833,0.833,0.833],"y":[0.833,0.833,1]},"o":{"x":[0.167,0.167,0.167],"y":[0.167,0.167,0]},"n":["0p833_0p833_0p167_0p167","0p833_0p833_0p167_0p167","0p833_1_0p167_0"],"t":11,"s":[94.667,94.667,100],"e":[96,96,100]},{"i":{"x":[0.833,0.833,0.833],"y":[0.833,0.833,1]},"o":{"x":[0.167,0.167,0.167],"y":[0.167,0.167,0]},"n":["0p833_0p833_0p167_0p167","0p833_0p833_0p167_0p167","0p833_1_0p167_0"],"t":12,"s":[96,96,100],"e":[97.333,97.333,100]},{"i":{"x":[0.833,0.833,0.833],"y":[0.833,0.833,1]},"o":{"x":[0.167,0.167,0.167],"y":[0.167,0.167,0]},"n":["0p833_0p833_0p167_0p167","0p833_0p833_0p167_0p167","0p833_1_0p167_0"],"t":13,"s":[97.333,97.333,100],"e":[98.667,98.667,100]},{"i":{"x":[0.833,0.833,0.833],"y":[0.848,0.848,1]},"o":{"x":[0.167,0.167,0.167],"y":[0.167,0.167,0]},"n":["0p833_0p848_0p167_0p167","0p833_0p848_0p167_0p167","0p833_1_0p167_0"],"t":14,"s":[98.667,98.667,100],"e":[100,100,100]},{"i":{"x":[0.833,0.833,0.833],"y":[0.857,0.857,1]},"o":{"x":[0.167,0.167,0.167],"y":[0.184,0.184,0]},"n":["0p833_0p857_0p167_0p184","0p833_0p857_0p167_0p184","0p833_1_0p167_0"],"t":15,"s":[100,100,100],"e":[101.106,101.106,100]},{"i":{"x":[0.833,0.833,0.833],"y":[0.865,0.865,1]},"o":{"x":[0.167,0.167,0.167],"y":[0.199,0.199,0]},"n":["0p833_0p865_0p167_0p199","0p833_0p865_0p167_0p199","0p833_1_0p167_0"],"t":16,"s":[101.106,101.106,100],"e":[101.901,101.901,100]},{"i":{"x":[0.833,0.833,0.833],"y":[0.88,0.88,1]},"o":{"x":[0.167,0.167,0.167],"y":[0.218,0.218,0]},"n":["0p833_0p88_0p167_0p218","0p833_0p88_0p167_0p218","0p833_1_0p167_0"],"t":17,"s":[101.901,101.901,100],"e":[102.392,102.392,100]},{"i":{"x":[0.833,0.833,0.833],"y":[0.924,0.924,1]},"o":{"x":[0.167,0.167,0.167],"y":[0.274,0.274,0]},"n":["0p833_0p924_0p167_0p274","0p833_0p924_0p167_0p274","0p833_1_0p167_0"],"t":18,"s":[102.392,102.392,100],"e":[102.607,102.607,100]},{"i":{"x":[0.833,0.833,0.833],"y":[0.044,0.044,1]},"o":{"x":[0.167,0.167,0.167],"y":[-0.837,-0.837,0]},"n":["0p833_0p044_0p167_-0p837","0p833_0p044_0p167_-0p837","0p833_1_0p167_0"],"t":19,"s":[102.607,102.607,100],"e":[102.587,102.587,100]},{"i":{"x":[0.833,0.833,0.833],"y":[0.78,0.78,1]},"o":{"x":[0.167,0.167,0.167],"y":[0.091,0.091,0]},"n":["0p833_0p78_0p167_0p091","0p833_0p78_0p167_0p091","0p833_1_0p167_0"],"t":20,"s":[102.587,102.587,100],"e":[102.384,102.384,100]},{"i":{"x":[0.833,0.833,0.833],"y":[0.814,0.814,1]},"o":{"x":[0.167,0.167,0.167],"y":[0.134,0.134,0]},"n":["0p833_0p814_0p167_0p134","0p833_0p814_0p167_0p134","0p833_1_0p167_0"],"t":21,"s":[102.384,102.384,100],"e":[102.049,102.049,100]},{"i":{"x":[0.833,0.833,0.833],"y":[0.827,0.827,1]},"o":{"x":[0.167,0.167,0.167],"y":[0.151,0.151,0]},"n":["0p833_0p827_0p167_0p151","0p833_0p827_0p167_0p151","0p833_1_0p167_0"],"t":22,"s":[102.049,102.049,100],"e":[101.635,101.635,100]},{"i":{"x":[0.833,0.833,0.833],"y":[0.695,0.695,1]},"o":{"x":[0.167,0.167,0.167],"y":[0.161,0.161,0]},"n":["0p833_0p695_0p167_0p161","0p833_0p695_0p167_0p161","0p833_1_0p167_0"],"t":23,"s":[101.635,101.635,100],"e":[101.188,101.188,100]},{"i":{"x":[0.833,0.833,0.833],"y":[0.193,0.566,1]},"o":{"x":[0.167,0.167,0.167],"y":[0.115,0.115,0]},"n":["0p833_0p193_0p167_0p115","0p833_0p566_0p167_0p115","0p833_1_0p167_0"],"t":24,"s":[101.188,101.188,100],"e":[100,100,100]},{"i":{"x":[0.833,0.833,0.833],"y":[0.833,0.833,1]},"o":{"x":[0.167,0.167,0.167],"y":[0.093,0.103,0]},"n":["0p833_0p833_0p167_0p093","0p833_0p833_0p167_0p103","0p833_1_0p167_0"],"t":25,"s":[100,100,100],"e":[89.68,95,100]},{"i":{"x":[0.833,0.833,0.833],"y":[0.833,0.833,1]},"o":{"x":[0.167,0.167,0.167],"y":[0.167,0.167,0]},"n":["0p833_0p833_0p167_0p167","0p833_0p833_0p167_0p167","0p833_1_0p167_0"],"t":26,"s":[89.68,95,100],"e":[79.36,90,100]},{"i":{"x":[0.833,0.833,0.833],"y":[0.833,0.833,1]},"o":{"x":[0.167,0.167,0.167],"y":[0.167,0.167,0]},"n":["0p833_0p833_0p167_0p167","0p833_0p833_0p167_0p167","0p833_1_0p167_0"],"t":27,"s":[79.36,90,100],"e":[69.04,85,100]},{"i":{"x":[0.833,0.833,0.833],"y":[0.833,0.833,1]},"o":{"x":[0.167,0.167,0.167],"y":[0.167,0.167,0]},"n":["0p833_0p833_0p167_0p167","0p833_0p833_0p167_0p167","0p833_1_0p167_0"],"t":28,"s":[69.04,85,100],"e":[58.72,80,100]},{"i":{"x":[0.833,0.833,0.833],"y":[0.931,0.931,1]},"o":{"x":[0.167,0.167,0.167],"y":[0.167,0.167,0]},"n":["0p833_0p931_0p167_0p167","0p833_0p931_0p167_0p167","0p833_1_0p167_0"],"t":29,"s":[58.72,80,100],"e":[48.4,75,100]},{"i":{"x":[0.833,0.833,0.833],"y":[0.72,0.72,1]},"o":{"x":[0.167,0.167,0.167],"y":[-0.404,-0.404,0]},"n":["0p833_0p72_0p167_-0p404","0p833_0p72_0p167_-0p404","0p833_1_0p167_0"],"t":30,"s":[48.4,75,100],"e":[50.163,75.854,100]},{"i":{"x":[0.833,0.833,0.833],"y":[0.786,0.786,1]},"o":{"x":[0.167,0.167,0.167],"y":[0.119,0.119,0]},"n":["0p833_0p786_0p167_0p119","0p833_0p786_0p167_0p119","0p833_1_0p167_0"],"t":31,"s":[50.163,75.854,100],"e":[54.33,77.873,100]},{"i":{"x":[0.833,0.833,0.833],"y":[0.806,0.806,1]},"o":{"x":[0.167,0.167,0.167],"y":[0.137,0.137,0]},"n":["0p833_0p806_0p167_0p137","0p833_0p806_0p167_0p137","0p833_1_0p167_0"],"t":32,"s":[54.33,77.873,100],"e":[60.848,81.031,100]},{"i":{"x":[0.833,0.833,0.833],"y":[0.623,0.623,1]},"o":{"x":[0.167,0.167,0.167],"y":[0.146,0.146,0]},"n":["0p833_0p623_0p167_0p146","0p833_0p623_0p167_0p146","0p833_1_0p167_0"],"t":33,"s":[60.848,81.031,100],"e":[69.504,85.225,100]},{"i":{"x":[0.833,0.833,0.833],"y":[0.893,0.893,1]},"o":{"x":[0.167,0.167,0.167],"y":[0.107,0.107,0]},"n":["0p833_0p893_0p167_0p107","0p833_0p893_0p167_0p107","0p833_1_0p167_0"],"t":34,"s":[69.504,85.225,100],"e":[100,100,100]},{"i":{"x":[0.833,0.833,0.833],"y":[0.857,0.857,1]},"o":{"x":[0.167,0.167,0.167],"y":[0.38,0.38,0]},"n":["0p833_0p857_0p167_0p38","0p833_0p857_0p167_0p38","0p833_1_0p167_0"],"t":35,"s":[100,100,100],"e":[108.557,104.146,100]},{"i":{"x":[0.833,0.833,0.833],"y":[0.865,0.865,1]},"o":{"x":[0.167,0.167,0.167],"y":[0.199,0.199,0]},"n":["0p833_0p865_0p167_0p199","0p833_0p865_0p167_0p199","0p833_1_0p167_0"],"t":36,"s":[108.557,104.146,100],"e":[114.71,107.127,100]},{"i":{"x":[0.833,0.833,0.833],"y":[0.88,0.88,1]},"o":{"x":[0.167,0.167,0.167],"y":[0.218,0.218,0]},"n":["0p833_0p88_0p167_0p218","0p833_0p88_0p167_0p218","0p833_1_0p167_0"],"t":37,"s":[114.71,107.127,100],"e":[118.512,108.969,100]},{"i":{"x":[0.833,0.833,0.833],"y":[0.924,0.924,1]},"o":{"x":[0.167,0.167,0.167],"y":[0.274,0.274,0]},"n":["0p833_0p924_0p167_0p274","0p833_0p924_0p167_0p274","0p833_1_0p167_0"],"t":38,"s":[118.512,108.969,100],"e":[120.176,109.775,100]},{"i":{"x":[0.833,0.833,0.833],"y":[0.044,0.044,1]},"o":{"x":[0.167,0.167,0.167],"y":[-0.837,-0.837,0]},"n":["0p833_0p044_0p167_-0p837","0p833_0p044_0p167_-0p837","0p833_1_0p167_0"],"t":39,"s":[120.176,109.775,100],"e":[120.026,109.702,100]},{"i":{"x":[0.833,0.833,0.833],"y":[0.78,0.78,1]},"o":{"x":[0.167,0.167,0.167],"y":[0.091,0.091,0]},"n":["0p833_0p78_0p167_0p091","0p833_0p78_0p167_0p091","0p833_1_0p167_0"],"t":40,"s":[120.026,109.702,100],"e":[118.449,108.939,100]},{"i":{"x":[0.833,0.833,0.833],"y":[0.814,0.814,1]},"o":{"x":[0.167,0.167,0.167],"y":[0.134,0.134,0]},"n":["0p833_0p814_0p167_0p134","0p833_0p814_0p167_0p134","0p833_1_0p167_0"],"t":41,"s":[118.449,108.939,100],"e":[115.858,107.683,100]},{"i":{"x":[0.833,0.833,0.833],"y":[0.827,0.827,1]},"o":{"x":[0.167,0.167,0.167],"y":[0.151,0.151,0]},"n":["0p833_0p827_0p167_0p151","0p833_0p827_0p167_0p151","0p833_1_0p167_0"],"t":42,"s":[115.858,107.683,100],"e":[112.652,106.13,100]},{"i":{"x":[0.833,0.833,0.833],"y":[0.835,0.835,1]},"o":{"x":[0.167,0.167,0.167],"y":[0.161,0.161,0]},"n":["0p833_0p835_0p167_0p161","0p833_0p835_0p167_0p161","0p833_1_0p167_0"],"t":43,"s":[112.652,106.13,100],"e":[109.193,104.454,100]},{"i":{"x":[0.833,0.833,0.833],"y":[0.84,0.84,1]},"o":{"x":[0.167,0.167,0.167],"y":[0.168,0.168,0]},"n":["0p833_0p84_0p167_0p168","0p833_0p84_0p167_0p168","0p833_1_0p167_0"],"t":44,"s":[109.193,104.454,100],"e":[105.785,102.803,100]},{"i":{"x":[0.833,0.833,0.833],"y":[0.845,0.845,1]},"o":{"x":[0.167,0.167,0.167],"y":[0.174,0.174,0]},"n":["0p833_0p845_0p167_0p174","0p833_0p845_0p167_0p174","0p833_1_0p167_0"],"t":45,"s":[105.785,102.803,100],"e":[102.665,101.291,100]},{"i":{"x":[0.833,0.833,0.833],"y":[0.851,0.851,1]},"o":{"x":[0.167,0.167,0.167],"y":[0.181,0.181,0]},"n":["0p833_0p851_0p167_0p181","0p833_0p851_0p167_0p181","0p833_1_0p167_0"],"t":46,"s":[102.665,101.291,100],"e":[100,100,100]},{"i":{"x":[0.833,0.833,0.833],"y":[0.857,0.857,1]},"o":{"x":[0.167,0.167,0.167],"y":[0.189,0.189,0]},"n":["0p833_0p857_0p167_0p189","0p833_0p857_0p167_0p189","0p833_1_0p167_0"],"t":47,"s":[100,100,100],"e":[97.89,98.978,100]},{"i":{"x":[0.833,0.833,0.833],"y":[0.865,0.865,1]},"o":{"x":[0.167,0.167,0.167],"y":[0.199,0.199,0]},"n":["0p833_0p865_0p167_0p199","0p833_0p865_0p167_0p199","0p833_1_0p167_0"],"t":48,"s":[97.89,98.978,100],"e":[96.373,98.243,100]},{"i":{"x":[0.833,0.833,0.833],"y":[0.88,0.88,1]},"o":{"x":[0.167,0.167,0.167],"y":[0.218,0.218,0]},"n":["0p833_0p88_0p167_0p218","0p833_0p88_0p167_0p218","0p833_1_0p167_0"],"t":49,"s":[96.373,98.243,100],"e":[95.435,97.788,100]},{"i":{"x":[0.833,0.833,0.833],"y":[0.924,0.924,1]},"o":{"x":[0.167,0.167,0.167],"y":[0.274,0.274,0]},"n":["0p833_0p924_0p167_0p274","0p833_0p924_0p167_0p274","0p833_1_0p167_0"],"t":50,"s":[95.435,97.788,100],"e":[95.025,97.589,100]},{"i":{"x":[0.833,0.833,0.833],"y":[0.044,0.044,1]},"o":{"x":[0.167,0.167,0.167],"y":[-0.837,-0.837,0]},"n":["0p833_0p044_0p167_-0p837","0p833_0p044_0p167_-0p837","0p833_1_0p167_0"],"t":51,"s":[95.025,97.589,100],"e":[95.062,97.607,100]},{"i":{"x":[0.833,0.833,0.833],"y":[0.78,0.78,1]},"o":{"x":[0.167,0.167,0.167],"y":[0.091,0.091,0]},"n":["0p833_0p78_0p167_0p091","0p833_0p78_0p167_0p091","0p833_1_0p167_0"],"t":52,"s":[95.062,97.607,100],"e":[95.45,97.796,100]},{"i":{"x":[0.833,0.833,0.833],"y":[0.814,0.814,1]},"o":{"x":[0.167,0.167,0.167],"y":[0.134,0.134,0]},"n":["0p833_0p814_0p167_0p134","0p833_0p814_0p167_0p134","0p833_1_0p167_0"],"t":53,"s":[95.45,97.796,100],"e":[96.089,98.105,100]},{"i":{"x":[0.833,0.833,0.833],"y":[0.827,0.827,1]},"o":{"x":[0.167,0.167,0.167],"y":[0.151,0.151,0]},"n":["0p833_0p827_0p167_0p151","0p833_0p827_0p167_0p151","0p833_1_0p167_0"],"t":54,"s":[96.089,98.105,100],"e":[96.88,98.488,100]},{"i":{"x":[0.833,0.833,0.833],"y":[0.835,0.835,1]},"o":{"x":[0.167,0.167,0.167],"y":[0.161,0.161,0]},"n":["0p833_0p835_0p167_0p161","0p833_0p835_0p167_0p161","0p833_1_0p167_0"],"t":55,"s":[96.88,98.488,100],"e":[97.733,98.902,100]},{"i":{"x":[0.833,0.833,0.833],"y":[0.84,0.84,1]},"o":{"x":[0.167,0.167,0.167],"y":[0.168,0.168,0]},"n":["0p833_0p84_0p167_0p168","0p833_0p84_0p167_0p168","0p833_1_0p167_0"],"t":56,"s":[97.733,98.902,100],"e":[98.574,99.309,100]},{"i":{"x":[0.833,0.833,0.833],"y":[0.845,0.845,1]},"o":{"x":[0.167,0.167,0.167],"y":[0.174,0.174,0]},"n":["0p833_0p845_0p167_0p174","0p833_0p845_0p167_0p174","0p833_1_0p167_0"],"t":57,"s":[98.574,99.309,100],"e":[99.343,99.682,100]},{"i":{"x":[0.833,0.833,0.833],"y":[0.851,0.851,1]},"o":{"x":[0.167,0.167,0.167],"y":[0.181,0.181,0]},"n":["0p833_0p851_0p167_0p181","0p833_0p851_0p167_0p181","0p833_1_0p167_0"],"t":58,"s":[99.343,99.682,100],"e":[100,100,100]},{"i":{"x":[0.833,0.833,0.833],"y":[0.857,0.857,1]},"o":{"x":[0.167,0.167,0.167],"y":[0.189,0.189,0]},"n":["0p833_0p857_0p167_0p189","0p833_0p857_0p167_0p189","0p833_1_0p167_0"],"t":59,"s":[100,100,100],"e":[100.52,100.252,100]},{"i":{"x":[0.833,0.833,0.833],"y":[0.865,0.865,1]},"o":{"x":[0.167,0.167,0.167],"y":[0.199,0.199,0]},"n":["0p833_0p865_0p167_0p199","0p833_0p865_0p167_0p199","0p833_1_0p167_0"],"t":60,"s":[100.52,100.252,100],"e":[100.895,100.433,100]},{"i":{"x":[0.833,0.833,0.833],"y":[0.88,0.88,1]},"o":{"x":[0.167,0.167,0.167],"y":[0.218,0.218,0]},"n":["0p833_0p88_0p167_0p218","0p833_0p88_0p167_0p218","0p833_1_0p167_0"],"t":61,"s":[100.895,100.433,100],"e":[101.126,100.545,100]},{"i":{"x":[0.833,0.833,0.833],"y":[0.924,0.924,1]},"o":{"x":[0.167,0.167,0.167],"y":[0.274,0.274,0]},"n":["0p833_0p924_0p167_0p274","0p833_0p924_0p167_0p274","0p833_1_0p167_0"],"t":62,"s":[101.126,100.545,100],"e":[101.227,100.594,100]},{"i":{"x":[0.833,0.833,0.833],"y":[0.044,0.044,1]},"o":{"x":[0.167,0.167,0.167],"y":[-0.837,-0.837,0]},"n":["0p833_0p044_0p167_-0p837","0p833_0p044_0p167_-0p837","0p833_1_0p167_0"],"t":63,"s":[101.227,100.594,100],"e":[101.218,100.59,100]},{"i":{"x":[0.833,0.833,0.833],"y":[0.78,0.78,1]},"o":{"x":[0.167,0.167,0.167],"y":[0.091,0.091,0]},"n":["0p833_0p78_0p167_0p091","0p833_0p78_0p167_0p091","0p833_1_0p167_0"],"t":64,"s":[101.218,100.59,100],"e":[101.122,100.544,100]},{"i":{"x":[0.833,0.833,0.833],"y":[0.814,0.814,1]},"o":{"x":[0.167,0.167,0.167],"y":[0.134,0.134,0]},"n":["0p833_0p814_0p167_0p134","0p833_0p814_0p167_0p134","0p833_1_0p167_0"],"t":65,"s":[101.122,100.544,100],"e":[100.964,100.467,100]},{"i":{"x":[0.833,0.833,0.833],"y":[0.827,0.827,1]},"o":{"x":[0.167,0.167,0.167],"y":[0.151,0.151,0]},"n":["0p833_0p827_0p167_0p151","0p833_0p827_0p167_0p151","0p833_1_0p167_0"],"t":66,"s":[100.964,100.467,100],"e":[100.769,100.373,100]},{"i":{"x":[0.833,0.833,0.833],"y":[0.835,0.835,1]},"o":{"x":[0.167,0.167,0.167],"y":[0.161,0.161,0]},"n":["0p833_0p835_0p167_0p161","0p833_0p835_0p167_0p161","0p833_1_0p167_0"],"t":67,"s":[100.769,100.373,100],"e":[100.559,100.271,100]},{"i":{"x":[0.833,0.833,0.833],"y":[0.84,0.84,1]},"o":{"x":[0.167,0.167,0.167],"y":[0.168,0.168,0]},"n":["0p833_0p84_0p167_0p168","0p833_0p84_0p167_0p168","0p833_1_0p167_0"],"t":68,"s":[100.559,100.271,100],"e":[100.352,100.17,100]},{"i":{"x":[0.833,0.833,0.833],"y":[0.845,0.845,1]},"o":{"x":[0.167,0.167,0.167],"y":[0.174,0.174,0]},"n":["0p833_0p845_0p167_0p174","0p833_0p845_0p167_0p174","0p833_1_0p167_0"],"t":69,"s":[100.352,100.17,100],"e":[100.162,100.079,100]},{"i":{"x":[0.833,0.833,0.833],"y":[0.851,0.851,1]},"o":{"x":[0.167,0.167,0.167],"y":[0.181,0.181,0]},"n":["0p833_0p851_0p167_0p181","0p833_0p851_0p167_0p181","0p833_1_0p167_0"],"t":70,"s":[100.162,100.079,100],"e":[100,100,100]},{"i":{"x":[0.833,0.833,0.833],"y":[0.857,0.857,1]},"o":{"x":[0.167,0.167,0.167],"y":[0.189,0.189,0]},"n":["0p833_0p857_0p167_0p189","0p833_0p857_0p167_0p189","0p833_1_0p167_0"],"t":71,"s":[100,100,100],"e":[99.872,99.938,100]},{"i":{"x":[0.833,0.833,0.833],"y":[0.865,0.865,1]},"o":{"x":[0.167,0.167,0.167],"y":[0.199,0.199,0]},"n":["0p833_0p865_0p167_0p199","0p833_0p865_0p167_0p199","0p833_1_0p167_0"],"t":72,"s":[99.872,99.938,100],"e":[99.779,99.893,100]},{"i":{"x":[0.833,0.833,0.833],"y":[0.88,0.88,1]},"o":{"x":[0.167,0.167,0.167],"y":[0.218,0.218,0]},"n":["0p833_0p88_0p167_0p218","0p833_0p88_0p167_0p218","0p833_1_0p167_0"],"t":73,"s":[99.779,99.893,100],"e":[99.722,99.866,100]},{"i":{"x":[0.833,0.833,0.833],"y":[0.924,0.924,1]},"o":{"x":[0.167,0.167,0.167],"y":[0.274,0.274,0]},"n":["0p833_0p924_0p167_0p274","0p833_0p924_0p167_0p274","0p833_1_0p167_0"],"t":74,"s":[99.722,99.866,100],"e":[99.697,99.853,100]},{"i":{"x":[0.833,0.833,0.833],"y":[0.044,0.044,1]},"o":{"x":[0.167,0.167,0.167],"y":[-0.837,-0.837,0]},"n":["0p833_0p044_0p167_-0p837","0p833_0p044_0p167_-0p837","0p833_1_0p167_0"],"t":75,"s":[99.697,99.853,100],"e":[99.7,99.855,100]},{"i":{"x":[0.833,0.833,0.833],"y":[0.78,0.78,1]},"o":{"x":[0.167,0.167,0.167],"y":[0.091,0.091,0]},"n":["0p833_0p78_0p167_0p091","0p833_0p78_0p167_0p091","0p833_1_0p167_0"],"t":76,"s":[99.7,99.855,100],"e":[99.723,99.866,100]},{"i":{"x":[0.833,0.833,0.833],"y":[0.814,0.814,1]},"o":{"x":[0.167,0.167,0.167],"y":[0.134,0.134,0]},"n":["0p833_0p814_0p167_0p134","0p833_0p814_0p167_0p134","0p833_1_0p167_0"],"t":77,"s":[99.723,99.866,100],"e":[99.762,99.885,100]},{"i":{"x":[0.833,0.833,0.833],"y":[0.827,0.827,1]},"o":{"x":[0.167,0.167,0.167],"y":[0.151,0.151,0]},"n":["0p833_0p827_0p167_0p151","0p833_0p827_0p167_0p151","0p833_1_0p167_0"],"t":78,"s":[99.762,99.885,100],"e":[99.81,99.908,100]},{"i":{"x":[0.833,0.833,0.833],"y":[0.835,0.835,1]},"o":{"x":[0.167,0.167,0.167],"y":[0.161,0.161,0]},"n":["0p833_0p835_0p167_0p161","0p833_0p835_0p167_0p161","0p833_1_0p167_0"],"t":79,"s":[99.81,99.908,100],"e":[99.862,99.933,100]},{"i":{"x":[0.833,0.833,0.833],"y":[0.84,0.84,1]},"o":{"x":[0.167,0.167,0.167],"y":[0.168,0.168,0]},"n":["0p833_0p84_0p167_0p168","0p833_0p84_0p167_0p168","0p833_1_0p167_0"],"t":80,"s":[99.862,99.933,100],"e":[99.913,99.958,100]},{"i":{"x":[0.833,0.833,0.833],"y":[0.845,0.845,1]},"o":{"x":[0.167,0.167,0.167],"y":[0.174,0.174,0]},"n":["0p833_0p845_0p167_0p174","0p833_0p845_0p167_0p174","0p833_1_0p167_0"],"t":81,"s":[99.913,99.958,100],"e":[99.96,99.981,100]},{"i":{"x":[0.833,0.833,0.833],"y":[0.851,0.851,1]},"o":{"x":[0.167,0.167,0.167],"y":[0.181,0.181,0]},"n":["0p833_0p851_0p167_0p181","0p833_0p851_0p167_0p181","0p833_1_0p167_0"],"t":82,"s":[99.96,99.981,100],"e":[100,100,100]},{"i":{"x":[0.833,0.833,0.833],"y":[0.857,0.857,1]},"o":{"x":[0.167,0.167,0.167],"y":[0.189,0.189,0]},"n":["0p833_0p857_0p167_0p189","0p833_0p857_0p167_0p189","0p833_1_0p167_0"],"t":83,"s":[100,100,100],"e":[100.032,100.015,100]},{"i":{"x":[0.833,0.833,0.833],"y":[0.865,0.865,1]},"o":{"x":[0.167,0.167,0.167],"y":[0.199,0.199,0]},"n":["0p833_0p865_0p167_0p199","0p833_0p865_0p167_0p199","0p833_1_0p167_0"],"t":84,"s":[100.032,100.015,100],"e":[100.054,100.026,100]},{"i":{"x":[0.833,0.833,0.833],"y":[0.88,0.88,1]},"o":{"x":[0.167,0.167,0.167],"y":[0.218,0.218,0]},"n":["0p833_0p88_0p167_0p218","0p833_0p88_0p167_0p218","0p833_1_0p167_0"],"t":85,"s":[100.054,100.026,100],"e":[100.068,100.033,100]},{"i":{"x":[0.833,0.833,0.833],"y":[0.924,0.924,1]},"o":{"x":[0.167,0.167,0.167],"y":[0.274,0.274,0]},"n":["0p833_0p924_0p167_0p274","0p833_0p924_0p167_0p274","0p833_1_0p167_0"],"t":86,"s":[100.068,100.033,100],"e":[100.075,100.036,100]},{"i":{"x":[0.833,0.833,0.833],"y":[0.044,0.044,1]},"o":{"x":[0.167,0.167,0.167],"y":[-0.837,-0.837,0]},"n":["0p833_0p044_0p167_-0p837","0p833_0p044_0p167_-0p837","0p833_1_0p167_0"],"t":87,"s":[100.075,100.036,100],"e":[100.074,100.036,100]},{"i":{"x":[0.833,0.833,0.833],"y":[0.78,0.78,1]},"o":{"x":[0.167,0.167,0.167],"y":[0.091,0.091,0]},"n":["0p833_0p78_0p167_0p091","0p833_0p78_0p167_0p091","0p833_1_0p167_0"],"t":88,"s":[100.074,100.036,100],"e":[100.068,100.033,100]},{"i":{"x":[0.833,0.833,0.833],"y":[0.814,0.814,1]},"o":{"x":[0.167,0.167,0.167],"y":[0.134,0.134,0]},"n":["0p833_0p814_0p167_0p134","0p833_0p814_0p167_0p134","0p833_1_0p167_0"],"t":89,"s":[100.068,100.033,100],"e":[100.059,100.028,100]},{"i":{"x":[0.833,0.833,0.833],"y":[0.827,0.827,1]},"o":{"x":[0.167,0.167,0.167],"y":[0.151,0.151,0]},"n":["0p833_0p827_0p167_0p151","0p833_0p827_0p167_0p151","0p833_1_0p167_0"],"t":90,"s":[100.059,100.028,100],"e":[100.047,100.023,100]},{"i":{"x":[0.833,0.833,0.833],"y":[0.835,0.835,1]},"o":{"x":[0.167,0.167,0.167],"y":[0.161,0.161,0]},"n":["0p833_0p835_0p167_0p161","0p833_0p835_0p167_0p161","0p833_1_0p167_0"],"t":91,"s":[100.047,100.023,100],"e":[100.034,100.016,100]},{"i":{"x":[0.833,0.833,0.833],"y":[0.84,0.84,1]},"o":{"x":[0.167,0.167,0.167],"y":[0.168,0.168,0]},"n":["0p833_0p84_0p167_0p168","0p833_0p84_0p167_0p168","0p833_1_0p167_0"],"t":92,"s":[100.034,100.016,100],"e":[100.021,100.01,100]},{"i":{"x":[0.833,0.833,0.833],"y":[0.845,0.845,1]},"o":{"x":[0.167,0.167,0.167],"y":[0.174,0.174,0]},"n":["0p833_0p845_0p167_0p174","0p833_0p845_0p167_0p174","0p833_1_0p167_0"],"t":93,"s":[100.021,100.01,100],"e":[100.01,100.005,100]},{"i":{"x":[0.833,0.833,0.833],"y":[0.851,0.851,1]},"o":{"x":[0.167,0.167,0.167],"y":[0.181,0.181,0]},"n":["0p833_0p851_0p167_0p181","0p833_0p851_0p167_0p181","0p833_1_0p167_0"],"t":94,"s":[100.01,100.005,100],"e":[100,100,100]},{"i":{"x":[0.833,0.833,0.833],"y":[0.857,0.857,1]},"o":{"x":[0.167,0.167,0.167],"y":[0.189,0.189,0]},"n":["0p833_0p857_0p167_0p189","0p833_0p857_0p167_0p189","0p833_1_0p167_0"],"t":95,"s":[100,100,100],"e":[99.992,99.996,100]},{"i":{"x":[0.833,0.833,0.833],"y":[0.865,0.865,1]},"o":{"x":[0.167,0.167,0.167],"y":[0.199,0.199,0]},"n":["0p833_0p865_0p167_0p199","0p833_0p865_0p167_0p199","0p833_1_0p167_0"],"t":96,"s":[99.992,99.996,100],"e":[99.987,99.994,100]},{"i":{"x":[0.833,0.833,0.833],"y":[0.88,0.88,1]},"o":{"x":[0.167,0.167,0.167],"y":[0.218,0.218,0]},"n":["0p833_0p88_0p167_0p218","0p833_0p88_0p167_0p218","0p833_1_0p167_0"],"t":97,"s":[99.987,99.994,100],"e":[99.983,99.992,100]},{"i":{"x":[0.833,0.833,0.833],"y":[0.924,0.924,1]},"o":{"x":[0.167,0.167,0.167],"y":[0.274,0.274,0]},"n":["0p833_0p924_0p167_0p274","0p833_0p924_0p167_0p274","0p833_1_0p167_0"],"t":98,"s":[99.983,99.992,100],"e":[99.982,99.991,100]},{"i":{"x":[0.833,0.833,0.833],"y":[0.044,0.044,1]},"o":{"x":[0.167,0.167,0.167],"y":[-0.837,-0.837,0]},"n":["0p833_0p044_0p167_-0p837","0p833_0p044_0p167_-0p837","0p833_1_0p167_0"],"t":99,"s":[99.982,99.991,100],"e":[99.982,99.991,100]},{"i":{"x":[0.833,0.833,0.833],"y":[0.78,0.78,1]},"o":{"x":[0.167,0.167,0.167],"y":[0.091,0.091,0]},"n":["0p833_0p78_0p167_0p091","0p833_0p78_0p167_0p091","0p833_1_0p167_0"],"t":100,"s":[99.982,99.991,100],"e":[99.983,99.992,100]},{"i":{"x":[0.833,0.833,0.833],"y":[0.814,0.814,1]},"o":{"x":[0.167,0.167,0.167],"y":[0.134,0.134,0]},"n":["0p833_0p814_0p167_0p134","0p833_0p814_0p167_0p134","0p833_1_0p167_0"],"t":101,"s":[99.983,99.992,100],"e":[99.986,99.993,100]},{"i":{"x":[0.833,0.833,0.833],"y":[0.827,0.827,1]},"o":{"x":[0.167,0.167,0.167],"y":[0.151,0.151,0]},"n":["0p833_0p827_0p167_0p151","0p833_0p827_0p167_0p151","0p833_1_0p167_0"],"t":102,"s":[99.986,99.993,100],"e":[99.988,99.994,100]},{"i":{"x":[0.833,0.833,0.833],"y":[0.835,0.835,1]},"o":{"x":[0.167,0.167,0.167],"y":[0.161,0.161,0]},"n":["0p833_0p835_0p167_0p161","0p833_0p835_0p167_0p161","0p833_1_0p167_0"],"t":103,"s":[99.988,99.994,100],"e":[99.992,99.996,100]},{"i":{"x":[0.833,0.833,0.833],"y":[0.84,0.84,1]},"o":{"x":[0.167,0.167,0.167],"y":[0.168,0.168,0]},"n":["0p833_0p84_0p167_0p168","0p833_0p84_0p167_0p168","0p833_1_0p167_0"],"t":104,"s":[99.992,99.996,100],"e":[99.995,99.997,100]},{"i":{"x":[0.833,0.833,0.833],"y":[0.845,0.845,1]},"o":{"x":[0.167,0.167,0.167],"y":[0.174,0.174,0]},"n":["0p833_0p845_0p167_0p174","0p833_0p845_0p167_0p174","0p833_1_0p167_0"],"t":105,"s":[99.995,99.997,100],"e":[99.998,99.999,100]},{"i":{"x":[0.833,0.833,0.833],"y":[0.851,0.851,1]},"o":{"x":[0.167,0.167,0.167],"y":[0.181,0.181,0]},"n":["0p833_0p851_0p167_0p181","0p833_0p851_0p167_0p181","0p833_1_0p167_0"],"t":106,"s":[99.998,99.999,100],"e":[100,100,100]},{"i":{"x":[0.833,0.833,0.833],"y":[0.857,0.857,1]},"o":{"x":[0.167,0.167,0.167],"y":[0.189,0.189,0]},"n":["0p833_0p857_0p167_0p189","0p833_0p857_0p167_0p189","0p833_1_0p167_0"],"t":107,"s":[100,100,100],"e":[100.002,100.001,100]},{"i":{"x":[0.833,0.833,0.833],"y":[0.865,0.865,1]},"o":{"x":[0.167,0.167,0.167],"y":[0.199,0.199,0]},"n":["0p833_0p865_0p167_0p199","0p833_0p865_0p167_0p199","0p833_1_0p167_0"],"t":108,"s":[100.002,100.001,100],"e":[100.003,100.002,100]},{"i":{"x":[0.833,0.833,0.833],"y":[0.88,0.88,1]},"o":{"x":[0.167,0.167,0.167],"y":[0.218,0.218,0]},"n":["0p833_0p88_0p167_0p218","0p833_0p88_0p167_0p218","0p833_1_0p167_0"],"t":109,"s":[100.003,100.002,100],"e":[100.004,100.002,100]},{"i":{"x":[0.833,0.833,0.833],"y":[0.924,0.924,1]},"o":{"x":[0.167,0.167,0.167],"y":[0.274,0.274,0]},"n":["0p833_0p924_0p167_0p274","0p833_0p924_0p167_0p274","0p833_1_0p167_0"],"t":110,"s":[100.004,100.002,100],"e":[100.005,100.002,100]},{"i":{"x":[0.833,0.833,0.833],"y":[0.044,0.044,1]},"o":{"x":[0.167,0.167,0.167],"y":[-0.837,-0.837,0]},"n":["0p833_0p044_0p167_-0p837","0p833_0p044_0p167_-0p837","0p833_1_0p167_0"],"t":111,"s":[100.005,100.002,100],"e":[100.005,100.002,100]},{"i":{"x":[0.833,0.833,0.833],"y":[0.78,0.78,1]},"o":{"x":[0.167,0.167,0.167],"y":[0.091,0.091,0]},"n":["0p833_0p78_0p167_0p091","0p833_0p78_0p167_0p091","0p833_1_0p167_0"],"t":112,"s":[100.005,100.002,100],"e":[100.004,100.002,100]},{"i":{"x":[0.833,0.833,0.833],"y":[0.814,0.814,1]},"o":{"x":[0.167,0.167,0.167],"y":[0.134,0.134,0]},"n":["0p833_0p814_0p167_0p134","0p833_0p814_0p167_0p134","0p833_1_0p167_0"],"t":113,"s":[100.004,100.002,100],"e":[100.004,100.002,100]},{"i":{"x":[0.833,0.833,0.833],"y":[0.827,0.827,1]},"o":{"x":[0.167,0.167,0.167],"y":[0.151,0.151,0]},"n":["0p833_0p827_0p167_0p151","0p833_0p827_0p167_0p151","0p833_1_0p167_0"],"t":114,"s":[100.004,100.002,100],"e":[100.003,100.001,100]},{"i":{"x":[0.833,0.833,0.833],"y":[0.835,0.835,1]},"o":{"x":[0.167,0.167,0.167],"y":[0.161,0.161,0]},"n":["0p833_0p835_0p167_0p161","0p833_0p835_0p167_0p161","0p833_1_0p167_0"],"t":115,"s":[100.003,100.001,100],"e":[100.002,100.001,100]},{"i":{"x":[0.833,0.833,0.833],"y":[0.84,0.84,1]},"o":{"x":[0.167,0.167,0.167],"y":[0.168,0.168,0]},"n":["0p833_0p84_0p167_0p168","0p833_0p84_0p167_0p168","0p833_1_0p167_0"],"t":116,"s":[100.002,100.001,100],"e":[100.001,100.001,100]},{"i":{"x":[0.833,0.833,0.833],"y":[0.845,0.845,1]},"o":{"x":[0.167,0.167,0.167],"y":[0.174,0.174,0]},"n":["0p833_0p845_0p167_0p174","0p833_0p845_0p167_0p174","0p833_1_0p167_0"],"t":117,"s":[100.001,100.001,100],"e":[100.001,100,100]},{"i":{"x":[0.833,0.833,0.833],"y":[0.851,0.851,1]},"o":{"x":[0.167,0.167,0.167],"y":[0.181,0.181,0]},"n":["0p833_0p851_0p167_0p181","0p833_0p851_0p167_0p181","0p833_1_0p167_0"],"t":118,"s":[100.001,100,100],"e":[100,100,100]},{"i":{"x":[0.833,0.833,0.833],"y":[0.857,0.857,1]},"o":{"x":[0.167,0.167,0.167],"y":[0.189,0.189,0]},"n":["0p833_0p857_0p167_0p189","0p833_0p857_0p167_0p189","0p833_1_0p167_0"],"t":119,"s":[100,100,100],"e":[100,100,100]},{"i":{"x":[0.833,0.833,0.833],"y":[0.865,0.865,1]},"o":{"x":[0.167,0.167,0.167],"y":[0.199,0.199,0]},"n":["0p833_0p865_0p167_0p199","0p833_0p865_0p167_0p199","0p833_1_0p167_0"],"t":120,"s":[100,100,100],"e":[99.999,100,100]},{"i":{"x":[0.833,0.833,0.833],"y":[0.88,0.88,1]},"o":{"x":[0.167,0.167,0.167],"y":[0.218,0.218,0]},"n":["0p833_0p88_0p167_0p218","0p833_0p88_0p167_0p218","0p833_1_0p167_0"],"t":121,"s":[99.999,100,100],"e":[99.999,100,100]},{"i":{"x":[0.833,0.833,0.833],"y":[0.924,0.924,1]},"o":{"x":[0.167,0.167,0.167],"y":[0.274,0.274,0]},"n":["0p833_0p924_0p167_0p274","0p833_0p924_0p167_0p274","0p833_1_0p167_0"],"t":122,"s":[99.999,100,100],"e":[99.999,99.999,100]},{"i":{"x":[0.833,0.833,0.833],"y":[0.044,0.044,1]},"o":{"x":[0.167,0.167,0.167],"y":[-0.837,-0.837,0]},"n":["0p833_0p044_0p167_-0p837","0p833_0p044_0p167_-0p837","0p833_1_0p167_0"],"t":123,"s":[99.999,99.999,100],"e":[99.999,99.999,100]},{"i":{"x":[0.833,0.833,0.833],"y":[0.78,0.78,1]},"o":{"x":[0.167,0.167,0.167],"y":[0.091,0.091,0]},"n":["0p833_0p78_0p167_0p091","0p833_0p78_0p167_0p091","0p833_1_0p167_0"],"t":124,"s":[99.999,99.999,100],"e":[99.999,100,100]},{"i":{"x":[0.833,0.833,0.833],"y":[0.814,0.814,1]},"o":{"x":[0.167,0.167,0.167],"y":[0.134,0.134,0]},"n":["0p833_0p814_0p167_0p134","0p833_0p814_0p167_0p134","0p833_1_0p167_0"],"t":125,"s":[99.999,100,100],"e":[99.999,100,100]},{"i":{"x":[0.833,0.833,0.833],"y":[0.827,0.827,1]},"o":{"x":[0.167,0.167,0.167],"y":[0.151,0.151,0]},"n":["0p833_0p827_0p167_0p151","0p833_0p827_0p167_0p151","0p833_1_0p167_0"],"t":126,"s":[99.999,100,100],"e":[99.999,100,100]},{"i":{"x":[0.833,0.833,0.833],"y":[0.835,0.835,1]},"o":{"x":[0.167,0.167,0.167],"y":[0.161,0.161,0]},"n":["0p833_0p835_0p167_0p161","0p833_0p835_0p167_0p161","0p833_1_0p167_0"],"t":127,"s":[99.999,100,100],"e":[99.999,100,100]},{"i":{"x":[0.833,0.833,0.833],"y":[0.84,0.84,1]},"o":{"x":[0.167,0.167,0.167],"y":[0.168,0.168,0]},"n":["0p833_0p84_0p167_0p168","0p833_0p84_0p167_0p168","0p833_1_0p167_0"],"t":128,"s":[99.999,100,100],"e":[100,100,100]},{"i":{"x":[0.833,0.833,0.833],"y":[0.845,0.845,1]},"o":{"x":[0.167,0.167,0.167],"y":[0.174,0.174,0]},"n":["0p833_0p845_0p167_0p174","0p833_0p845_0p167_0p174","0p833_1_0p167_0"],"t":129,"s":[100,100,100],"e":[100,100,100]},{"i":{"x":[0.833,0.833,0.833],"y":[0.851,0.851,1]},"o":{"x":[0.167,0.167,0.167],"y":[0.181,0.181,0]},"n":["0p833_0p851_0p167_0p181","0p833_0p851_0p167_0p181","0p833_1_0p167_0"],"t":130,"s":[100,100,100],"e":[100,100,100]},{"i":{"x":[0.833,0.833,0.833],"y":[0.857,0.857,1]},"o":{"x":[0.167,0.167,0.167],"y":[0.189,0.189,0]},"n":["0p833_0p857_0p167_0p189","0p833_0p857_0p167_0p189","0p833_1_0p167_0"],"t":131,"s":[100,100,100],"e":[100,100,100]},{"i":{"x":[0.833,0.833,0.833],"y":[0.865,0.865,1]},"o":{"x":[0.167,0.167,0.167],"y":[0.199,0.199,0]},"n":["0p833_0p865_0p167_0p199","0p833_0p865_0p167_0p199","0p833_1_0p167_0"],"t":132,"s":[100,100,100],"e":[100,100,100]},{"i":{"x":[0.833,0.833,0.833],"y":[0.88,0.88,1]},"o":{"x":[0.167,0.167,0.167],"y":[0.218,0.218,0]},"n":["0p833_0p88_0p167_0p218","0p833_0p88_0p167_0p218","0p833_1_0p167_0"],"t":133,"s":[100,100,100],"e":[100,100,100]},{"i":{"x":[0.833,0.833,0.833],"y":[0.924,0.924,1]},"o":{"x":[0.167,0.167,0.167],"y":[0.274,0.274,0]},"n":["0p833_0p924_0p167_0p274","0p833_0p924_0p167_0p274","0p833_1_0p167_0"],"t":134,"s":[100,100,100],"e":[100,100,100]},{"i":{"x":[0.833,0.833,0.833],"y":[0.044,0.044,1]},"o":{"x":[0.167,0.167,0.167],"y":[-0.837,-0.837,0]},"n":["0p833_0p044_0p167_-0p837","0p833_0p044_0p167_-0p837","0p833_1_0p167_0"],"t":135,"s":[100,100,100],"e":[100,100,100]},{"i":{"x":[0.833,0.833,0.833],"y":[0.78,0.78,1]},"o":{"x":[0.167,0.167,0.167],"y":[0.091,0.091,0]},"n":["0p833_0p78_0p167_0p091","0p833_0p78_0p167_0p091","0p833_1_0p167_0"],"t":136,"s":[100,100,100],"e":[100,100,100]},{"i":{"x":[0.833,0.833,0.833],"y":[0.814,0.814,1]},"o":{"x":[0.167,0.167,0.167],"y":[0.134,0.134,0]},"n":["0p833_0p814_0p167_0p134","0p833_0p814_0p167_0p134","0p833_1_0p167_0"],"t":137,"s":[100,100,100],"e":[100,100,100]},{"i":{"x":[0.833,0.833,0.833],"y":[0.827,0.827,1]},"o":{"x":[0.167,0.167,0.167],"y":[0.151,0.151,0]},"n":["0p833_0p827_0p167_0p151","0p833_0p827_0p167_0p151","0p833_1_0p167_0"],"t":138,"s":[100,100,100],"e":[100,100,100]},{"i":{"x":[0.833,0.833,0.833],"y":[0.835,0.835,1]},"o":{"x":[0.167,0.167,0.167],"y":[0.161,0.161,0]},"n":["0p833_0p835_0p167_0p161","0p833_0p835_0p167_0p161","0p833_1_0p167_0"],"t":139,"s":[100,100,100],"e":[100,100,100]},{"i":{"x":[0.833,0.833,0.833],"y":[0.84,0.84,1]},"o":{"x":[0.167,0.167,0.167],"y":[0.168,0.168,0]},"n":["0p833_0p84_0p167_0p168","0p833_0p84_0p167_0p168","0p833_1_0p167_0"],"t":140,"s":[100,100,100],"e":[100,100,100]},{"i":{"x":[0.833,0.833,0.833],"y":[0.845,0.845,1]},"o":{"x":[0.167,0.167,0.167],"y":[0.174,0.174,0]},"n":["0p833_0p845_0p167_0p174","0p833_0p845_0p167_0p174","0p833_1_0p167_0"],"t":141,"s":[100,100,100],"e":[100,100,100]},{"i":{"x":[0.833,0.833,0.833],"y":[0.851,0.851,1]},"o":{"x":[0.167,0.167,0.167],"y":[0.181,0.181,0]},"n":["0p833_0p851_0p167_0p181","0p833_0p851_0p167_0p181","0p833_1_0p167_0"],"t":142,"s":[100,100,100],"e":[100,100,100]},{"i":{"x":[0.833,0.833,0.833],"y":[0.857,0.857,1]},"o":{"x":[0.167,0.167,0.167],"y":[0.189,0.189,0]},"n":["0p833_0p857_0p167_0p189","0p833_0p857_0p167_0p189","0p833_1_0p167_0"],"t":143,"s":[100,100,100],"e":[100,100,100]},{"i":{"x":[0.833,0.833,0.833],"y":[0.865,0.865,1]},"o":{"x":[0.167,0.167,0.167],"y":[0.199,0.199,0]},"n":["0p833_0p865_0p167_0p199","0p833_0p865_0p167_0p199","0p833_1_0p167_0"],"t":144,"s":[100,100,100],"e":[100,100,100]},{"i":{"x":[0.833,0.833,0.833],"y":[0.88,0.88,1]},"o":{"x":[0.167,0.167,0.167],"y":[0.218,0.218,0]},"n":["0p833_0p88_0p167_0p218","0p833_0p88_0p167_0p218","0p833_1_0p167_0"],"t":145,"s":[100,100,100],"e":[100,100,100]},{"i":{"x":[0.833,0.833,0.833],"y":[0.924,0.924,1]},"o":{"x":[0.167,0.167,0.167],"y":[0.274,0.274,0]},"n":["0p833_0p924_0p167_0p274","0p833_0p924_0p167_0p274","0p833_1_0p167_0"],"t":146,"s":[100,100,100],"e":[100,100,100]},{"i":{"x":[0.833,0.833,0.833],"y":[0.044,0.044,1]},"o":{"x":[0.167,0.167,0.167],"y":[-0.837,-0.837,0]},"n":["0p833_0p044_0p167_-0p837","0p833_0p044_0p167_-0p837","0p833_1_0p167_0"],"t":147,"s":[100,100,100],"e":[100,100,100]},{"i":{"x":[0.833,0.833,0.833],"y":[0.833,0.833,1]},"o":{"x":[0.167,0.167,0.167],"y":[0.091,0.091,0]},"n":["0p833_0p833_0p167_0p091","0p833_0p833_0p167_0p091","0p833_1_0p167_0"],"t":148,"s":[100,100,100],"e":[100,100,100]},{"t":149}],"ix":6}},"ao":0,"shapes":[{"ty":"gr","it":[{"d":1,"ty":"el","s":{"a":0,"k":[125,16],"ix":2},"p":{"a":0,"k":[0,0],"ix":3},"nm":"Ellipse Path 1","mn":"ADBE Vector Shape - Ellipse","hd":false},{"ty":"fl","c":{"a":0,"k":[0.933332979679,0.952941000462,0.972549021244,1],"ix":4},"o":{"a":0,"k":100,"ix":5},"r":1,"bm":0,"nm":"Fill 1","mn":"ADBE Vector Graphic - Fill","hd":false},{"ty":"tr","p":{"a":0,"k":[0,0],"ix":2},"a":{"a":0,"k":[0,0],"ix":1},"s":{"a":0,"k":[241.291,136.562],"ix":3},"r":{"a":0,"k":0,"ix":6},"o":{"a":0,"k":100,"ix":7},"sk":{"a":0,"k":0,"ix":4},"sa":{"a":0,"k":0,"ix":5},"nm":"Transform"}],"nm":"Shdw","np":2,"cix":2,"bm":0,"ix":1,"mn":"ADBE Vector Group","hd":false}],"ip":0,"op":150,"st":0,"bm":0}],"markers":[]}