{"v":"5.5.7","meta":{"g":"LottieFiles AE 0.1.20","a":"","k":"","d":"","tc":""},"fr":30,"ip":0,"op":129,"w":720,"h":720,"nm":"Pre-comp 6","ddd":0,"assets":[{"id":"comp_0","layers":[{"ddd":0,"ind":1,"ty":4,"nm":"roochka","sr":1,"ks":{"o":{"a":0,"k":100,"ix":11},"r":{"a":1,"k":[{"i":{"x":[0.833],"y":[1]},"o":{"x":[0.333],"y":[0]},"t":31.2,"s":[-12]},{"i":{"x":[0.833],"y":[1]},"o":{"x":[0.167],"y":[0]},"t":48,"s":[-2]},{"i":{"x":[0.833],"y":[1]},"o":{"x":[0.333],"y":[0]},"t":66,"s":[-12]},{"i":{"x":[0.833],"y":[1]},"o":{"x":[0.167],"y":[0]},"t":78,"s":[-2]},{"i":{"x":[0.833],"y":[1]},"o":{"x":[0.333],"y":[0]},"t":91.2,"s":[-12]},{"t":118.8,"s":[-13]}],"ix":10},"p":{"a":1,"k":[{"i":{"x":0.667,"y":0.275},"o":{"x":0.333,"y":0},"t":31.2,"s":[338.733,277.514,0],"to":[3.812,3.812,0],"ti":[-9.412,-9.412,0]},{"i":{"x":0.667,"y":1},"o":{"x":0.333,"y":0.523},"t":61.2,"s":[326.307,311.088,0],"to":[7.049,7.049,0],"ti":[0,-0.667,0]},{"i":{"x":0.667,"y":0.546},"o":{"x":0.167,"y":0},"t":91.2,"s":[378.733,317.514,0],"to":[0,0.667,0],"ti":[-9.412,-9.412,0]},{"t":118.8,"s":[326.307,315.088,0]}],"ix":2},"a":{"a":0,"k":[103.868,63.122,0],"ix":1},"s":{"a":1,"k":[{"i":{"x":[0.667,0.667,0.667],"y":[1,1,1]},"o":{"x":[0.333,0.333,0.333],"y":[0,0,0]},"t":31.2,"s":[0,0,100]},{"i":{"x":[0.667,0.667,0.667],"y":[0.656,0.656,1]},"o":{"x":[0.333,0.333,0.333],"y":[0,0,0]},"t":39.6,"s":[111,111,100]},{"i":{"x":[0.667,0.667,0.667],"y":[1,1,1]},"o":{"x":[0.333,0.333,0.333],"y":[-1.1,-1.1,0]},"t":42,"s":[95,95,100]},{"t":44.4,"s":[100,100,100]}],"ix":6}},"ao":0,"shapes":[{"ty":"gr","it":[{"ind":0,"ty":"sh","ix":1,"ks":{"a":0,"k":{"i":[[0,0],[0,0],[0,0],[0,0]],"o":[[0,0],[0,0],[0,0],[0,0]],"v":[[1.736,10.872],[-1.736,10.872],[-1.736,-10.872],[1.736,-10.872]],"c":true},"ix":2},"nm":"Path 1","mn":"ADBE Vector Shape - Group","hd":false},{"ty":"fl","c":{"a":0,"k":[0.128999986836,0.128999986836,0.128999986836,1],"ix":4},"o":{"a":0,"k":100,"ix":5},"r":1,"bm":0,"nm":"Fill 1","mn":"ADBE Vector Graphic - Fill","hd":false},{"ty":"tr","p":{"a":0,"k":[190.699,64.511],"ix":2},"a":{"a":0,"k":[0,0],"ix":1},"s":{"a":0,"k":[100,100],"ix":3},"r":{"a":0,"k":0,"ix":6},"o":{"a":0,"k":100,"ix":7},"sk":{"a":0,"k":0,"ix":4},"sa":{"a":0,"k":0,"ix":5},"nm":"Transform"}],"nm":"Group 1","np":2,"cix":2,"bm":0,"ix":1,"mn":"ADBE Vector Group","hd":false},{"ty":"gr","it":[{"ind":0,"ty":"sh","ix":1,"ks":{"a":0,"k":{"i":[[0,0],[0,0],[0,0],[0,0]],"o":[[0,0],[0,0],[0,0],[0,0]],"v":[[-5.183,1.893],[-5.235,-1.73],[5.183,-1.893],[5.235,1.73]],"c":true},"ix":2},"nm":"Path 1","mn":"ADBE Vector Shape - Group","hd":false},{"ty":"fl","c":{"a":0,"k":[0.128999986836,0.128999986836,0.128999986836,1],"ix":4},"o":{"a":0,"k":100,"ix":5},"r":1,"bm":0,"nm":"Fill 1","mn":"ADBE Vector Graphic - Fill","hd":false},{"ty":"tr","p":{"a":0,"k":[69.135,66.241],"ix":2},"a":{"a":0,"k":[0,0],"ix":1},"s":{"a":0,"k":[100,100],"ix":3},"r":{"a":0,"k":0,"ix":6},"o":{"a":0,"k":100,"ix":7},"sk":{"a":0,"k":0,"ix":4},"sa":{"a":0,"k":0,"ix":5},"nm":"Transform"}],"nm":"Group 5","np":2,"cix":2,"bm":0,"ix":2,"mn":"ADBE Vector Group","hd":false},{"ty":"gr","it":[{"ind":0,"ty":"sh","ix":1,"ks":{"a":0,"k":{"i":[[0,0],[0,0],[0,0],[-1.193,2.791],[3.578,0.67],[0,0],[0,0],[0,0]],"o":[[0,0],[0,0],[3.382,-0.206],[-1.173,-2.829],[0,0],[0,0],[0,0],[0,0]],"v":[[-42.424,8.472],[54.194,9.677],[58.351,9.677],[66.344,0.318],[58.228,-9.614],[54.737,-8.443],[-42.1,-8.457],[-61.086,0.889]],"c":true},"ix":2},"nm":"Path 1","mn":"ADBE Vector Shape - Group","hd":false},{"ind":1,"ty":"sh","ix":2,"ks":{"a":0,"k":{"i":[[0,0],[0,0],[0,0],[0,0],[0,0],[0,0],[0,0],[0,0],[-0.471,-1.234],[0,0],[0,0],[0,0],[6.519,-0.389]],"o":[[0,0],[0,0],[0,0],[0,0],[0,0],[0,0],[0,0],[6.73,0.612],[0,0],[0,0],[0,0],[-0.47,1.193],[0,0]],"v":[[54.173,13.3],[-43.097,12.089],[-43.391,11.969],[-69.873,1.208],[-42.878,-12.081],[54.193,-12.067],[57.868,-13.3],[58.217,-13.268],[69.749,-0.575],[69.873,-0.252],[69.873,0.913],[69.743,1.243],[58.451,13.297]],"c":true},"ix":2},"nm":"Path 2","mn":"ADBE Vector Shape - Group","hd":false},{"ty":"mm","mm":1,"nm":"Merge Paths 1","mn":"ADBE Vector Filter - Merge","hd":false},{"ty":"fl","c":{"a":0,"k":[0.128999986836,0.128999986836,0.128999986836,1],"ix":4},"o":{"a":0,"k":100,"ix":5},"r":1,"bm":0,"nm":"Fill 1","mn":"ADBE Vector Graphic - Fill","hd":false},{"ty":"tr","p":{"a":0,"k":[137.613,64.498],"ix":2},"a":{"a":0,"k":[0,0],"ix":1},"s":{"a":0,"k":[100,100],"ix":3},"r":{"a":0,"k":0,"ix":6},"o":{"a":0,"k":100,"ix":7},"sk":{"a":0,"k":0,"ix":4},"sa":{"a":0,"k":0,"ix":5},"nm":"Transform"}],"nm":"Group 6","np":4,"cix":2,"bm":0,"ix":3,"mn":"ADBE Vector Group","hd":false},{"ty":"gr","it":[{"ind":0,"ty":"sh","ix":1,"ks":{"a":0,"k":{"i":[[0,0],[0,0],[0,0],[0,0]],"o":[[0,0],[0,0],[0,0],[0,0]],"v":[[47.468,10.895],[47.755,-10.872],[-47.467,-10.895],[-47.755,10.872]],"c":true},"ix":2},"nm":"Path 1","mn":"ADBE Vector Shape - Group","hd":false},{"ty":"fl","c":{"a":0,"k":[0,0.11372549019607843,0.24705882352941178,1],"ix":4},"o":{"a":0,"k":100,"ix":5},"r":1,"bm":0,"nm":"Fill 1","mn":"ADBE Vector Graphic - Fill","hd":false},{"ty":"tr","p":{"a":0,"k":[143.81,65.719],"ix":2},"a":{"a":0,"k":[0,0],"ix":1},"s":{"a":0,"k":[100,100],"ix":3},"r":{"a":0,"k":0,"ix":6},"o":{"a":0,"k":100,"ix":7},"sk":{"a":0,"k":0,"ix":4},"sa":{"a":0,"k":0,"ix":5},"nm":"Transform"}],"nm":"Group 7","np":2,"cix":2,"bm":0,"ix":4,"mn":"ADBE Vector Group","hd":false}],"ip":31.2,"op":511.2,"st":31.2,"bm":0},{"ddd":0,"ind":2,"ty":4,"nm":"star Outlines","sr":1,"ks":{"o":{"a":0,"k":100,"ix":11},"r":{"a":0,"k":0,"ix":10},"p":{"a":0,"k":[449.551,491.871,0],"ix":2},"a":{"a":0,"k":[55.464,57.379,0],"ix":1},"s":{"a":0,"k":[100,100,100],"ix":6}},"ao":0,"shapes":[{"ty":"gr","it":[{"ind":0,"ty":"sh","ix":1,"ks":{"a":0,"k":{"i":[[0,0],[0,0],[0,0],[0,0],[0,0],[0,0],[0,0],[0,0],[0,0],[0,0]],"o":[[0,0],[0,0],[0,0],[0,0],[0,0],[0,0],[0,0],[0,0],[0,0],[0,0]],"v":[[0,16.553],[14.92,24.737],[12.07,7.403],[24.141,-4.873],[7.46,-7.402],[0,-23.173],[-7.46,-7.402],[-24.141,-4.873],[-12.07,7.403],[-14.919,24.737]],"c":true},"ix":2},"nm":"Path 1","mn":"ADBE Vector Shape - Group","hd":false},{"ind":1,"ty":"sh","ix":2,"ks":{"a":0,"k":{"i":[[0,0],[0,0],[0,0],[0,0],[0,0],[0,0],[0,0],[0,0],[0,0],[0,0]],"o":[[0,0],[0,0],[0,0],[0,0],[0,0],[0,0],[0,0],[0,0],[0,0],[0,0]],"v":[[-19.532,31.362],[-15.802,8.667],[-31.604,-7.404],[-9.766,-10.715],[0,-31.362],[9.767,-10.715],[31.604,-7.404],[15.802,8.667],[19.533,31.362],[0,20.647]],"c":true},"ix":2},"nm":"Path 2","mn":"ADBE Vector Shape - Group","hd":false},{"ty":"mm","mm":1,"nm":"Merge Paths 1","mn":"ADBE Vector Filter - Merge","hd":false},{"ty":"fl","c":{"a":0,"k":[0.128999986836,0.128999986836,0.128999986836,1],"ix":4},"o":{"a":0,"k":100,"ix":5},"r":1,"bm":0,"nm":"Fill 1","mn":"ADBE Vector Graphic - Fill","hd":false},{"ty":"tr","p":{"a":0,"k":[55.463,54.411],"ix":2},"a":{"a":0,"k":[0,0],"ix":1},"s":{"a":1,"k":[{"i":{"x":[0.667,0.667],"y":[1,1]},"o":{"x":[0.333,0.333],"y":[0,0]},"t":20.4,"s":[0,0]},{"i":{"x":[0.833,0.833],"y":[1,1]},"o":{"x":[0.167,0.167],"y":[0,0]},"t":49.2,"s":[113,113]},{"i":{"x":[0.667,0.667],"y":[1,1]},"o":{"x":[0.333,0.333],"y":[0,0]},"t":81.6,"s":[96,96]},{"i":{"x":[0.833,0.833],"y":[1,1]},"o":{"x":[0.167,0.167],"y":[0,0]},"t":115.2,"s":[113,113]},{"t":145.2,"s":[96,96]}],"ix":3},"r":{"a":0,"k":0,"ix":6},"o":{"a":0,"k":100,"ix":7},"sk":{"a":0,"k":0,"ix":4},"sa":{"a":0,"k":0,"ix":5},"nm":"Transform"}],"nm":"Group 2","np":4,"cix":2,"bm":0,"ix":1,"mn":"ADBE Vector Group","hd":false},{"ty":"gr","it":[{"ind":0,"ty":"sh","ix":1,"ks":{"a":0,"k":{"i":[[0,0],[0,0],[0,0],[0,0],[0,0],[0,0],[0,0],[0,0],[0,0],[0,0]],"o":[[0,0],[0,0],[0,0],[0,0],[0,0],[0,0],[0,0],[0,0],[0,0],[0,0]],"v":[[0,16.553],[14.92,24.737],[12.07,7.403],[24.141,-4.873],[7.46,-7.402],[0,-23.173],[-7.46,-7.402],[-24.141,-4.873],[-12.07,7.403],[-14.919,24.737]],"c":true},"ix":2},"nm":"Path 1","mn":"ADBE Vector Shape - Group","hd":false},{"ind":1,"ty":"sh","ix":2,"ks":{"a":0,"k":{"i":[[0,0],[0,0],[0,0],[0,0],[0,0],[0,0],[0,0],[0,0],[0,0],[0,0]],"o":[[0,0],[0,0],[0,0],[0,0],[0,0],[0,0],[0,0],[0,0],[0,0],[0,0]],"v":[[-19.532,31.362],[-15.802,8.667],[-31.604,-7.404],[-9.766,-10.715],[0,-31.362],[9.767,-10.715],[31.604,-7.404],[15.802,8.667],[19.533,31.362],[0,20.647]],"c":true},"ix":2},"nm":"Path 2","mn":"ADBE Vector Shape - Group","hd":false},{"ty":"mm","mm":1,"nm":"Merge Paths 1","mn":"ADBE Vector Filter - Merge","hd":false},{"ty":"fl","c":{"a":0,"k":[0,0.11372549019607843,0.24705882352941178,1],"ix":4},"o":{"a":0,"k":50,"ix":5},"r":1,"bm":0,"nm":"Fill 1","mn":"ADBE Vector Graphic - Fill","hd":false},{"ty":"tr","p":{"a":0,"k":[95.463,-15.589],"ix":2},"a":{"a":0,"k":[0,0],"ix":1},"s":{"a":1,"k":[{"i":{"x":[0.833,0.833],"y":[1,1]},"o":{"x":[0.167,0.167],"y":[0,0]},"t":38.4,"s":[0,0]},{"i":{"x":[0.667,0.667],"y":[1.538,1.473]},"o":{"x":[0.333,0.333],"y":[0,0]},"t":72,"s":[96,94.405]},{"i":{"x":[0.833,0.833],"y":[1,1]},"o":{"x":[0.167,0.167],"y":[0.26,0.229]},"t":110.4,"s":[81.839,78.296]},{"t":147.6,"s":[96,94.405]}],"ix":3},"r":{"a":0,"k":0,"ix":6},"o":{"a":0,"k":100,"ix":7},"sk":{"a":0,"k":0,"ix":4},"sa":{"a":0,"k":0,"ix":5},"nm":"Transform"}],"nm":"Group 3","np":4,"cix":2,"bm":0,"ix":2,"mn":"ADBE Vector Group","hd":false}],"ip":20.4,"op":500.4,"st":20.4,"bm":0},{"ddd":0,"ind":3,"ty":4,"nm":"arrows Outlines 2","sr":1,"ks":{"o":{"a":0,"k":100,"ix":11},"r":{"a":0,"k":0,"ix":10},"p":{"a":1,"k":[{"i":{"x":0.833,"y":1},"o":{"x":0.333,"y":0},"t":49.2,"s":[167.112,431.734,0],"to":[0,-1.333,0],"ti":[0,-1.5,0]},{"i":{"x":0.667,"y":1},"o":{"x":0.333,"y":0},"t":55.2,"s":[167.112,423.734,0],"to":[0,1.5,0],"ti":[0,-6.333,0]},{"i":{"x":0.843,"y":1},"o":{"x":0.204,"y":0},"t":91.2,"s":[167.112,440.734,0],"to":[0,1.009,0],"ti":[0,-2.942,0]},{"i":{"x":0.564,"y":0.783},"o":{"x":0.333,"y":0},"t":132,"s":[167.112,461.734,0],"to":[0,3.5,0],"ti":[0,-1.204,0]},{"t":148.8,"s":[167.112,444.078,0]}],"ix":2},"a":{"a":0,"k":[31.254,133.796,0],"ix":1},"s":{"a":1,"k":[{"i":{"x":[0.667,0.667,0.667],"y":[1,1,1]},"o":{"x":[0.333,0.333,0.333],"y":[0,0,0]},"t":44.4,"s":[100,0,100]},{"i":{"x":[0.667,0.667,0.667],"y":[1,1,1]},"o":{"x":[0.333,0.333,0.333],"y":[0,0,0]},"t":52.8,"s":[100,109,100]},{"i":{"x":[0.667,0.667,0.667],"y":[1,1,1]},"o":{"x":[0.333,0.333,0.333],"y":[0,0,0]},"t":55.2,"s":[100,96,100]},{"t":57.6,"s":[100,100,100]}],"ix":6}},"ao":0,"shapes":[{"ty":"gr","it":[{"ind":0,"ty":"sh","ix":1,"ks":{"a":0,"k":{"i":[[0,0],[0,0],[0,0],[0.897,0],[0,0],[0.83,1.801],[-1.19,1.566],[0,0],[-1.516,0],[-0.943,-1.241],[0,0],[0.831,-1.801],[1.912,0],[0,0],[0,-0.938],[0,0],[0,0],[0,0],[-2.723,0],[0,0],[-0.278,0.603],[0.397,0.522],[0,0],[0.62,-0.817],[0,0],[-0.278,-0.601],[-0.638,0],[0,0],[0,-2.849]],"o":[[0,0],[0,0],[0,-0.938],[0,0],[-1.912,0],[-0.831,-1.803],[0,0],[0.943,-1.241],[1.515,0],[0,0],[1.189,1.565],[-0.831,1.801],[0,0],[-0.896,0],[0,0],[0,0],[0,0],[0,-2.849],[0,0],[0.638,0],[0.278,-0.601],[0,0],[-0.62,-0.817],[0,0],[-0.397,0.522],[0.278,0.603],[0,0],[2.724,0],[0,0]],"v":[[-11.983,65.955],[-15.297,65.955],[-15.297,-14.405],[-16.923,-16.105],[-27.158,-16.105],[-31.606,-19.027],[-31.025,-24.487],[-5.357,-58.302],[-1.49,-60.257],[2.377,-58.302],[28.044,-24.486],[28.624,-19.027],[24.177,-16.105],[13.941,-16.105],[12.316,-14.405],[12.316,30.126],[9.003,30.126],[9.003,-14.405],[13.941,-19.573],[24.177,-19.573],[25.641,-20.535],[25.45,-22.329],[-0.218,-56.146],[-2.762,-56.146],[-28.43,-22.329],[-28.621,-20.535],[-27.158,-19.573],[-16.923,-19.573],[-11.983,-14.405]],"c":true},"ix":2},"nm":"Path 1","mn":"ADBE Vector Shape - Group","hd":false},{"ty":"fl","c":{"a":0,"k":[0.128999986836,0.128999986836,0.128999986836,1],"ix":4},"o":{"a":0,"k":100,"ix":5},"r":1,"bm":0,"nm":"Fill 1","mn":"ADBE Vector Graphic - Fill","hd":false},{"ty":"tr","p":{"a":0,"k":[32.686,66.206],"ix":2},"a":{"a":0,"k":[0,0],"ix":1},"s":{"a":0,"k":[100,100],"ix":3},"r":{"a":0,"k":0,"ix":6},"o":{"a":0,"k":100,"ix":7},"sk":{"a":0,"k":0,"ix":4},"sa":{"a":0,"k":0,"ix":5},"nm":"Transform"}],"nm":"Group 1","np":2,"cix":2,"bm":0,"ix":1,"mn":"ADBE Vector Group","hd":false}],"ip":44.4,"op":524.4,"st":44.4,"bm":0},{"ddd":0,"ind":4,"ty":4,"nm":"arrows Outlines","sr":1,"ks":{"o":{"a":0,"k":100,"ix":11},"r":{"a":0,"k":0,"ix":10},"p":{"a":1,"k":[{"i":{"x":0.667,"y":1},"o":{"x":0.333,"y":0},"t":39.6,"s":[184.612,547.234,0],"to":[0,-2.167,0],"ti":[0,0,0]},{"i":{"x":0.842,"y":1},"o":{"x":0.188,"y":0},"t":78,"s":[184.612,534.234,0],"to":[0,0,0],"ti":[0,-1.382,0]},{"i":{"x":0.562,"y":0.545},"o":{"x":0.333,"y":0},"t":118.8,"s":[184.612,547.234,0],"to":[0,2.167,0],"ti":[0,-1.916,0]},{"t":148.8,"s":[184.612,537.572,0]}],"ix":2},"a":{"a":0,"k":[48.754,219.296,0],"ix":1},"s":{"a":1,"k":[{"i":{"x":[0.667,0.667,0.667],"y":[1,1,1]},"o":{"x":[0.333,0.333,0.333],"y":[0,0,0]},"t":31.2,"s":[100,0,100]},{"i":{"x":[0.667,0.667,0.667],"y":[1,1,1]},"o":{"x":[0.333,0.333,0.333],"y":[0,0,0]},"t":39.6,"s":[100,111,100]},{"i":{"x":[0.667,0.667,0.667],"y":[1,1,1]},"o":{"x":[0.333,0.333,0.333],"y":[0,0,0]},"t":42,"s":[100,96,100]},{"t":44.4,"s":[100,100,100]}],"ix":6}},"ao":0,"shapes":[{"ty":"gr","it":[{"ind":0,"ty":"sh","ix":1,"ks":{"a":0,"k":{"i":[[0,0],[0,0],[0,0],[0,0]],"o":[[0,0],[0,0],[0,0],[0,0]],"v":[[1.737,5.436],[-1.737,5.436],[-1.737,-5.436],[1.737,-5.436]],"c":true},"ix":2},"nm":"Path 1","mn":"ADBE Vector Shape - Group","hd":false},{"ty":"fl","c":{"a":0,"k":[0,0.11372549019607843,0.24705882352941178,1],"ix":4},"o":{"a":0,"k":75,"ix":5},"r":1,"bm":0,"nm":"Fill 1","mn":"ADBE Vector Graphic - Fill","hd":false},{"ty":"tr","p":{"a":0,"k":[66.261,214.906],"ix":2},"a":{"a":0,"k":[0,0],"ix":1},"s":{"a":0,"k":[100,100],"ix":3},"r":{"a":0,"k":0,"ix":6},"o":{"a":0,"k":100,"ix":7},"sk":{"a":0,"k":0,"ix":4},"sa":{"a":0,"k":0,"ix":5},"nm":"Transform"}],"nm":"Group 2","np":2,"cix":2,"bm":0,"ix":1,"mn":"ADBE Vector Group","hd":false},{"ty":"gr","it":[{"ind":0,"ty":"sh","ix":1,"ks":{"a":0,"k":{"i":[[0,0],[0,0],[0,0],[1.707,0],[0,0],[1.105,2.392],[-1.586,2.076],[0,0],[-2.011,0],[-1.253,-1.64],[0,0],[1.104,-2.393],[2.545,0],[0,0],[0,-1.78],[0,0],[0,0],[0,0],[-3.622,0],[0,0],[-0.529,1.144],[0.759,0.994],[0,0],[0.948,0],[0.59,-0.772],[0,0],[-0.528,-1.144],[-1.217,0],[0,0],[0,-3.778]],"o":[[0,0],[0,0],[0,-1.78],[0,0],[-2.545,0],[-1.104,-2.393],[0,0],[1.253,-1.64],[2.012,0],[0,0],[1.586,2.076],[-1.105,2.392],[0,0],[-1.706,0],[0,0],[0,0],[0,0],[0,-3.778],[0,0],[1.217,0],[0.528,-1.144],[0,0],[-0.59,-0.772],[-0.947,0],[0,0],[-0.758,0.994],[0.529,1.144],[0,0],[3.622,0],[0,0]],"v":[[-16.208,54.633],[-19.682,54.633],[-19.682,11.959],[-22.777,8.731],[-37.922,8.731],[-43.839,4.852],[-43.059,-2.392],[-5.137,-52.051],[-0.001,-54.633],[5.136,-52.051],[43.059,-2.392],[43.839,4.852],[37.921,8.731],[22.777,8.731],[19.682,11.959],[19.682,32.89],[16.208,32.89],[16.208,11.959],[22.777,5.107],[37.921,5.107],[40.71,3.279],[40.341,-0.135],[2.421,-49.793],[-0.001,-51.009],[-2.421,-49.793],[-40.342,-0.135],[-40.71,3.279],[-37.922,5.107],[-22.777,5.107],[-16.208,11.959]],"c":true},"ix":2},"nm":"Path 1","mn":"ADBE Vector Shape - Group","hd":false},{"ty":"fl","c":{"a":0,"k":[0,0.11372549019607843,0.24705882352941178,1],"ix":4},"o":{"a":0,"k":75,"ix":5},"r":1,"bm":0,"nm":"Fill 1","mn":"ADBE Vector Graphic - Fill","hd":false},{"ty":"tr","p":{"a":0,"k":[48.316,165.71],"ix":2},"a":{"a":0,"k":[0,0],"ix":1},"s":{"a":0,"k":[100,100],"ix":3},"r":{"a":0,"k":0,"ix":6},"o":{"a":0,"k":100,"ix":7},"sk":{"a":0,"k":0,"ix":4},"sa":{"a":0,"k":0,"ix":5},"nm":"Transform"}],"nm":"Group 3","np":2,"cix":2,"bm":0,"ix":2,"mn":"ADBE Vector Group","hd":false}],"ip":31.2,"op":511.2,"st":31.2,"bm":0},{"ddd":0,"ind":5,"ty":4,"nm":"Layer 49 Outlines","sr":1,"ks":{"o":{"a":0,"k":100,"ix":11},"r":{"a":0,"k":0,"ix":10},"p":{"a":1,"k":[{"i":{"x":0.667,"y":1},"o":{"x":0.333,"y":0},"t":20.4,"s":[311.708,413.307,0],"to":[0,2.167,0],"ti":[0,0,0]},{"i":{"x":0.667,"y":1},"o":{"x":0.333,"y":0},"t":55.2,"s":[311.708,426.307,0],"to":[0,0,0],"ti":[0,0,0]},{"i":{"x":0.667,"y":1},"o":{"x":0.167,"y":0},"t":99.6,"s":[311.708,413.307,0],"to":[0,0,0],"ti":[0,-2.167,0]},{"t":147.6,"s":[311.708,426.307,0]}],"ix":2},"a":{"a":0,"k":[114.17,101.076,0],"ix":1},"s":{"a":1,"k":[{"i":{"x":[0.667,0.667,0.667],"y":[1,1,1]},"o":{"x":[0.333,0.333,0.333],"y":[0,0,0]},"t":12,"s":[0,0,100]},{"i":{"x":[0.667,0.667,0.667],"y":[0.738,0.738,1]},"o":{"x":[0.333,0.333,0.333],"y":[0,0,0]},"t":20.4,"s":[111,111,100]},{"i":{"x":[0.667,0.667,0.667],"y":[1,1,1]},"o":{"x":[0.333,0.333,0.333],"y":[-0.786,-0.786,0]},"t":22.8,"s":[90,90,100]},{"t":25.2,"s":[97,97,100]}],"ix":6}},"ao":0,"shapes":[{"ty":"gr","it":[{"ind":0,"ty":"sh","ix":1,"ks":{"a":0,"k":{"i":[[2.376,0],[1.665,-1.739],[0,0],[0,-2.479],[-1.666,-1.738],[-2.376,0],[-1.666,1.739],[0,0],[3.456,3.606]],"o":[[-2.376,0],[0,0],[-1.666,1.739],[0,2.48],[1.666,1.739],[2.376,0],[0,0],[3.456,-3.606],[-1.666,-1.739]],"v":[[6.048,-16.178],[-0.22,-13.481],[-13.526,0.4],[-16.11,6.941],[-13.526,13.482],[-7.257,16.176],[-0.989,13.482],[12.317,-0.4],[12.317,-13.481]],"c":true},"ix":2},"nm":"Path 1","mn":"ADBE Vector Shape - Group","hd":false},{"ind":1,"ty":"sh","ix":2,"ks":{"a":0,"k":{"i":[[3.304,0],[2.322,2.423],[0,3.447],[-2.323,2.422],[0,0],[-3.304,0],[-2.323,-2.423],[4.81,-5.02],[0,0]],"o":[[-3.304,0],[-2.322,-2.422],[0,-3.448],[0,0],[2.322,-2.423],[3.304,0],[4.81,5.019],[0,0],[-2.322,2.423]],"v":[[-7.257,19.801],[-15.982,16.044],[-19.583,6.941],[-15.981,-2.161],[-2.676,-16.044],[6.048,-19.801],[14.773,-16.044],[14.773,2.163],[1.467,16.044]],"c":true},"ix":2},"nm":"Path 2","mn":"ADBE Vector Shape - Group","hd":false},{"ty":"mm","mm":1,"nm":"Merge Paths 1","mn":"ADBE Vector Filter - Merge","hd":false},{"ty":"fl","c":{"a":0,"k":[0.128999986836,0.128999986836,0.128999986836,1],"ix":4},"o":{"a":0,"k":100,"ix":5},"r":1,"bm":0,"nm":"Fill 1","mn":"ADBE Vector Graphic - Fill","hd":false},{"ty":"tr","p":{"a":0,"k":[89.629,177.229],"ix":2},"a":{"a":0,"k":[0,0],"ix":1},"s":{"a":0,"k":[100,100],"ix":3},"r":{"a":0,"k":0,"ix":6},"o":{"a":0,"k":100,"ix":7},"sk":{"a":0,"k":0,"ix":4},"sa":{"a":0,"k":0,"ix":5},"nm":"Transform"}],"nm":"Group 1","np":4,"cix":2,"bm":0,"ix":1,"mn":"ADBE Vector Group","hd":false},{"ty":"gr","it":[{"ind":0,"ty":"sh","ix":1,"ks":{"a":0,"k":{"i":[[0,0],[0,0],[2.32,-2.32],[4.177,-4.156],[0.274,-0.275],[3.021,0.093],[2.075,2.277],[0,0],[0.283,0.451],[-4.078,4.106],[0,0],[-1.68,1.247],[-11.488,-3.61],[-4.793,1.666],[0,0],[8.591,2.715],[8.33,-6.3],[1.376,-1.377],[0,0],[-2.348,-3.257],[0,0],[-0.231,-0.268],[0,0],[-2.096,-0.05],[-1.499,1.503],[-2.223,2.211],[-4.59,4.581],[-3.558,-3.754],[0,0]],"o":[[0,0],[-2.276,-2.399],[-4.592,4.585],[-2.216,2.204],[-2.173,2.176],[-3.027,-0.071],[0,0],[-0.324,-0.375],[-3.357,-4.714],[0,0],[1.497,-1.497],[9.19,-6.951],[11.465,3.624],[0,0],[-7.009,2.442],[-10.455,-3.285],[-1.555,1.156],[0,0],[-2.828,2.847],[0,0],[0.135,0.222],[0,0],[1.439,1.577],[2.097,0.055],[0.274,-0.275],[4.175,-4.153],[3.639,-3.645],[0,0],[0,0]],"v":[[51.685,51.079],[-4.942,-8.005],[-13.132,-8.138],[-28.4,7.068],[-32.452,11.101],[-40.512,14.364],[-48.424,10.725],[-49.849,9.177],[-50.784,7.972],[-49.528,-7.479],[-18.942,-37.994],[-14.154,-42.13],[18.877,-47.469],[44.087,-44.437],[45.185,-40.999],[17.873,-43.999],[-12.128,-39.187],[-16.54,-35.376],[-47.122,-4.865],[-47.969,5.848],[-47.89,5.967],[-47.306,6.709],[-45.913,8.222],[-40.434,10.741],[-34.859,8.488],[-30.796,4.444],[-15.534,-10.754],[-2.48,-10.56],[54.141,48.516]],"c":true},"ix":2},"nm":"Path 1","mn":"ADBE Vector Shape - Group","hd":false},{"ty":"fl","c":{"a":0,"k":[0.128999986836,0.128999986836,0.128999986836,1],"ix":4},"o":{"a":0,"k":100,"ix":5},"r":1,"bm":0,"nm":"Fill 1","mn":"ADBE Vector Graphic - Fill","hd":false},{"ty":"tr","p":{"a":0,"k":[129.147,94.415],"ix":2},"a":{"a":0,"k":[0,0],"ix":1},"s":{"a":0,"k":[100,100],"ix":3},"r":{"a":0,"k":0,"ix":6},"o":{"a":0,"k":100,"ix":7},"sk":{"a":0,"k":0,"ix":4},"sa":{"a":0,"k":0,"ix":5},"nm":"Transform"}],"nm":"Group 2","np":2,"cix":2,"bm":0,"ix":2,"mn":"ADBE Vector Group","hd":false},{"ty":"gr","it":[{"ind":0,"ty":"sh","ix":1,"ks":{"a":0,"k":{"i":[[0,0],[0,0],[0,0],[0,0],[0,0],[0,0],[0,0],[0,0]],"o":[[0,0],[0,0],[0,0],[0,0],[0,0],[0,0],[0,0],[0,0]],"v":[[-20.287,54.188],[-29.725,45.604],[-27.443,42.873],[-20.623,49.075],[24.906,-5.426],[-22.233,-51.546],[-19.858,-54.188],[29.725,-5.679]],"c":true},"ix":2},"nm":"Path 1","mn":"ADBE Vector Shape - Group","hd":false},{"ty":"fl","c":{"a":0,"k":[0.128999986836,0.128999986836,0.128999986836,1],"ix":4},"o":{"a":0,"k":100,"ix":5},"r":1,"bm":0,"nm":"Fill 1","mn":"ADBE Vector Graphic - Fill","hd":false},{"ty":"tr","p":{"a":0,"k":[29.975,54.438],"ix":2},"a":{"a":0,"k":[0,0],"ix":1},"s":{"a":0,"k":[100,100],"ix":3},"r":{"a":0,"k":0,"ix":6},"o":{"a":0,"k":100,"ix":7},"sk":{"a":0,"k":0,"ix":4},"sa":{"a":0,"k":0,"ix":5},"nm":"Transform"}],"nm":"Group 3","np":2,"cix":2,"bm":0,"ix":3,"mn":"ADBE Vector Group","hd":false},{"ty":"gr","it":[{"ind":0,"ty":"sh","ix":1,"ks":{"a":0,"k":{"i":[[3.304,0],[2.323,2.423],[0,0],[0,0],[0,0],[-2.376,0],[-1.666,1.739],[3.456,3.606],[0,0],[0,0],[0,0],[0,-3.449],[2.322,-2.423]],"o":[[-3.304,0],[0,0],[0,0],[0,0],[1.666,1.739],[2.376,0],[3.456,-3.607],[0,0],[0,0],[0,0],[2.321,2.423],[0,3.447],[-2.322,2.423]],"v":[[4.024,21.249],[-4.701,17.492],[-16.35,5.338],[-13.894,2.775],[-2.245,14.93],[4.024,17.625],[10.292,14.93],[10.292,1.849],[-9.39,-18.688],[-6.933,-21.249],[12.748,-0.714],[16.35,8.39],[12.748,17.492]],"c":true},"ix":2},"nm":"Path 1","mn":"ADBE Vector Shape - Group","hd":false},{"ty":"fl","c":{"a":0,"k":[0.128999986836,0.128999986836,0.128999986836,1],"ix":4},"o":{"a":0,"k":100,"ix":5},"r":1,"bm":0,"nm":"Fill 1","mn":"ADBE Vector Graphic - Fill","hd":false},{"ty":"tr","p":{"a":0,"k":[136.905,170.891],"ix":2},"a":{"a":0,"k":[0,0],"ix":1},"s":{"a":0,"k":[100,100],"ix":3},"r":{"a":0,"k":0,"ix":6},"o":{"a":0,"k":100,"ix":7},"sk":{"a":0,"k":0,"ix":4},"sa":{"a":0,"k":0,"ix":5},"nm":"Transform"}],"nm":"Group 5","np":2,"cix":2,"bm":0,"ix":4,"mn":"ADBE Vector Group","hd":false},{"ty":"gr","it":[{"ind":0,"ty":"sh","ix":1,"ks":{"a":0,"k":{"i":[[3.304,0],[2.323,2.423],[0,0],[0,0],[0,0],[-2.376,0],[-1.666,1.738],[3.456,3.606],[0,0],[0,0],[0,0],[4.81,-5.019]],"o":[[-3.304,0],[0,0],[0,0],[0,0],[1.661,1.732],[2.376,0],[3.456,-3.607],[0,0],[0,0],[0,0],[4.81,5.019],[-2.323,2.423]],"v":[[9.89,16.095],[1.165,12.337],[-23.425,-13.546],[-20.959,-16.095],[3.626,9.783],[9.89,12.471],[16.159,9.777],[16.159,-3.305],[14.484,-5.052],[16.941,-7.615],[18.615,-5.867],[18.615,12.337]],"c":true},"ix":2},"nm":"Path 1","mn":"ADBE Vector Shape - Group","hd":false},{"ty":"fl","c":{"a":0,"k":[0.128999986836,0.128999986836,0.128999986836,1],"ix":4},"o":{"a":0,"k":100,"ix":5},"r":1,"bm":0,"nm":"Fill 1","mn":"ADBE Vector Graphic - Fill","hd":false},{"ty":"tr","p":{"a":0,"k":[166.356,150.545],"ix":2},"a":{"a":0,"k":[0,0],"ix":1},"s":{"a":0,"k":[100,100],"ix":3},"r":{"a":0,"k":0,"ix":6},"o":{"a":0,"k":100,"ix":7},"sk":{"a":0,"k":0,"ix":4},"sa":{"a":0,"k":0,"ix":5},"nm":"Transform"}],"nm":"Group 6","np":2,"cix":2,"bm":0,"ix":5,"mn":"ADBE Vector Group","hd":false},{"ty":"gr","it":[{"ind":0,"ty":"sh","ix":1,"ks":{"a":0,"k":{"i":[[3.16,0],[2.406,2.509],[0,0],[0,0],[0,0],[-3.456,3.605],[3.456,3.607],[0,0],[0,0],[0,0],[4.81,-5.019]],"o":[[-3.16,0],[0,0],[0,0],[0,0],[3.457,3.606],[3.456,-3.608],[0,0],[0,0],[0,0],[4.81,5.02],[-2.406,2.509]],"v":[[2.857,21.201],[-5.868,17.436],[-16.391,6.456],[-13.936,3.894],[-3.412,14.874],[9.126,14.874],[9.126,1.792],[-10.456,-18.639],[-8.001,-21.201],[11.581,-0.771],[11.581,17.436]],"c":true},"ix":2},"nm":"Path 1","mn":"ADBE Vector Shape - Group","hd":false},{"ty":"fl","c":{"a":0,"k":[0.128999986836,0.128999986836,0.128999986836,1],"ix":4},"o":{"a":0,"k":100,"ix":5},"r":1,"bm":0,"nm":"Fill 1","mn":"ADBE Vector Graphic - Fill","hd":false},{"ty":"tr","p":{"a":0,"k":[153.392,155.645],"ix":2},"a":{"a":0,"k":[0,0],"ix":1},"s":{"a":0,"k":[100,100],"ix":3},"r":{"a":0,"k":0,"ix":6},"o":{"a":0,"k":100,"ix":7},"sk":{"a":0,"k":0,"ix":4},"sa":{"a":0,"k":0,"ix":5},"nm":"Transform"}],"nm":"Group 7","np":2,"cix":2,"bm":0,"ix":6,"mn":"ADBE Vector Group","hd":false},{"ty":"gr","it":[{"ind":0,"ty":"sh","ix":1,"ks":{"a":0,"k":{"i":[[0,0],[10.459,-3.288],[0.635,-0.166],[5.396,1.269],[0.451,0.155],[0.148,0.077],[0,0],[0,0],[-0.123,-0.051],[-0.266,-0.042],[0,0],[-9.793,2.965],[-0.583,0.182],[-9.203,-6.958]],"o":[[-8.33,-6.3],[-0.635,0.2],[-10.407,3.152],[-0.453,-0.078],[-0.136,-0.043],[0,0],[0,0],[0.055,0.015],[0.269,0.09],[0,0],[4.746,1.134],[0.644,-0.17],[11.489,-3.61],[0,0]],"v":[[27.738,5.946],[-2.267,1.134],[-4.171,1.697],[-28.016,4.545],[-29.36,4.199],[-29.776,4.035],[-28.996,2.416],[-28.488,0.688],[-28.21,0.779],[-27.423,0.973],[-27.3,0.999],[-5.077,-1.801],[-3.267,-2.336],[29.776,3.011]],"c":true},"ix":2},"nm":"Path 1","mn":"ADBE Vector Shape - Group","hd":false},{"ty":"fl","c":{"a":0,"k":[0.128999986836,0.128999986836,0.128999986836,1],"ix":4},"o":{"a":0,"k":100,"ix":5},"r":1,"bm":0,"nm":"Fill 1","mn":"ADBE Vector Graphic - Fill","hd":false},{"ty":"tr","p":{"a":0,"k":[83.714,49.283],"ix":2},"a":{"a":0,"k":[0,0],"ix":1},"s":{"a":0,"k":[100,100],"ix":3},"r":{"a":0,"k":0,"ix":6},"o":{"a":0,"k":100,"ix":7},"sk":{"a":0,"k":0,"ix":4},"sa":{"a":0,"k":0,"ix":5},"nm":"Transform"}],"nm":"Group 8","np":2,"cix":2,"bm":0,"ix":7,"mn":"ADBE Vector Group","hd":false},{"ty":"gr","it":[{"ind":0,"ty":"sh","ix":1,"ks":{"a":0,"k":{"i":[[0,0],[0,0],[0.756,0.816],[0.488,0.51],[2.736,5.651],[0.847,1.856],[1.687,2.6],[0,0],[0.109,0.15],[0,0],[-0.191,-0.398],[-1.755,-3.844],[-0.956,-1.962],[-6.135,-6.371],[-0.232,-0.251],[-2.81,-2.504],[0,0]],"o":[[0,0],[-2.881,-2.568],[-0.223,-0.24],[-6.486,-6.733],[-0.974,-2.001],[-1.718,-3.764],[0,0],[-0.043,-0.102],[0,0],[0.19,0.263],[1.801,2.802],[0.838,1.836],[2.62,5.413],[0.513,0.534],[0.64,0.693],[0,0],[0,0]],"v":[[12.328,21.708],[11.332,20.82],[7.639,17.386],[6.633,16.315],[-6.561,-3.421],[-9.258,-9.196],[-14.147,-18.81],[-14.296,-19.088],[-14.584,-19.53],[-11.808,-21.708],[-11.197,-20.727],[-6.122,-10.755],[-3.462,-5.059],[9.085,13.75],[10.138,14.868],[13.588,18.065],[14.584,18.952]],"c":true},"ix":2},"nm":"Path 1","mn":"ADBE Vector Shape - Group","hd":false},{"ty":"fl","c":{"a":0,"k":[0.128999986836,0.128999986836,0.128999986836,1],"ix":4},"o":{"a":0,"k":100,"ix":5},"r":1,"bm":0,"nm":"Fill 1","mn":"ADBE Vector Graphic - Fill","hd":false},{"ty":"tr","p":{"a":0,"k":[26.378,122.575],"ix":2},"a":{"a":0,"k":[0,0],"ix":1},"s":{"a":0,"k":[100,100],"ix":3},"r":{"a":0,"k":0,"ix":6},"o":{"a":0,"k":100,"ix":7},"sk":{"a":0,"k":0,"ix":4},"sa":{"a":0,"k":0,"ix":5},"nm":"Transform"}],"nm":"Group 9","np":2,"cix":2,"bm":0,"ix":8,"mn":"ADBE Vector Group","hd":false},{"ty":"gr","it":[{"ind":0,"ty":"sh","ix":1,"ks":{"a":0,"k":{"i":[[0,0],[0,0],[0,0],[0,0],[0,0],[0,0],[0,0],[0,0]],"o":[[0,0],[0,0],[0,0],[0,0],[0,0],[0,0],[0,0],[0,0]],"v":[[20.288,53.413],[-29.725,-6.455],[7.807,-42.331],[10.18,-39.684],[-24.905,-6.199],[20.624,48.301],[27.444,42.099],[29.725,44.83]],"c":true},"ix":2},"nm":"Path 1","mn":"ADBE Vector Shape - Group","hd":false},{"ty":"fl","c":{"a":0,"k":[0.128999986836,0.128999986836,0.128999986836,1],"ix":4},"o":{"a":0,"k":100,"ix":5},"r":1,"bm":0,"nm":"Fill 1","mn":"ADBE Vector Graphic - Fill","hd":false},{"ty":"tr","p":{"a":0,"k":[198.364,55.064],"ix":2},"a":{"a":0,"k":[0,0],"ix":1},"s":{"a":0,"k":[100,100],"ix":3},"r":{"a":0,"k":0,"ix":6},"o":{"a":0,"k":100,"ix":7},"sk":{"a":0,"k":0,"ix":4},"sa":{"a":0,"k":0,"ix":5},"nm":"Transform"}],"nm":"Group 10","np":2,"cix":2,"bm":0,"ix":9,"mn":"ADBE Vector Group","hd":false},{"ty":"gr","it":[{"ind":0,"ty":"sh","ix":1,"ks":{"a":0,"k":{"i":[[1.727,0],[1.674,-1.745],[0,0],[0.262,-0.448],[-3.012,-3.143],[-2.401,0],[-1.455,1.055],[-0.406,0.423],[0,0],[2.414,3.616],[0.357,0.372],[0.404,0.281],[0,0]],"o":[[-2.381,0],[0,0],[-0.326,0.364],[-2.474,3.753],[1.653,1.724],[1.799,0],[0.498,-0.322],[0,0],[2.991,-3.096],[-0.327,-0.486],[-0.454,-0.474],[0,0],[-1.434,-0.962]],"v":[[3.114,-12.491],[-3.174,-9.784],[-9.412,-3.275],[-10.375,-2.023],[-9.411,9.816],[-3.124,12.49],[1.849,10.878],[3.135,9.814],[9.377,3.27],[10.391,-8.505],[9.371,-9.784],[8.114,-10.889],[7.943,-11.02]],"c":true},"ix":2},"nm":"Path 1","mn":"ADBE Vector Shape - Group","hd":false},{"ind":1,"ty":"sh","ix":2,"ks":{"a":0,"k":{"i":[[2.511,0],[2.309,2.41],[-3.374,5.109],[-0.492,0.548],[0,0],[-3.309,0],[-2.015,-1.377],[0,0],[-0.6,-0.627],[-0.45,-0.665],[4.238,-4.39],[0,0],[0.644,-0.41]],"o":[[-3.328,0],[-4.197,-4.379],[0.373,-0.643],[0,0],[2.33,-2.431],[2.43,0],[0,0],[0.578,0.409],[0.498,0.519],[3.424,5.131],[0,0],[-0.601,0.626],[-1.953,1.42]],"v":[[-3.124,16.115],[-11.867,12.378],[-13.286,-3.995],[-11.907,-5.794],[-5.63,-12.344],[3.114,-16.115],[9.908,-14.01],[10.098,-13.866],[11.828,-12.344],[13.236,-10.585],[11.827,5.837],[5.593,12.374],[3.745,13.912]],"c":true},"ix":2},"nm":"Path 2","mn":"ADBE Vector Shape - Group","hd":false},{"ty":"mm","mm":1,"nm":"Merge Paths 1","mn":"ADBE Vector Filter - Merge","hd":false},{"ty":"fl","c":{"a":0,"k":[0.128999986836,0.128999986836,0.128999986836,1],"ix":4},"o":{"a":0,"k":100,"ix":5},"r":1,"bm":0,"nm":"Fill 1","mn":"ADBE Vector Graphic - Fill","hd":false},{"ty":"tr","p":{"a":0,"k":[110.817,185.787],"ix":2},"a":{"a":0,"k":[0,0],"ix":1},"s":{"a":0,"k":[100,100],"ix":3},"r":{"a":0,"k":0,"ix":6},"o":{"a":0,"k":100,"ix":7},"sk":{"a":0,"k":0,"ix":4},"sa":{"a":0,"k":0,"ix":5},"nm":"Transform"}],"nm":"Group 12","np":4,"cix":2,"bm":0,"ix":10,"mn":"ADBE Vector Group","hd":false},{"ty":"gr","it":[{"ind":0,"ty":"sh","ix":1,"ks":{"a":0,"k":{"i":[[2.376,0],[1.666,-1.739],[0,0],[-3.456,-3.606],[-2.376,0],[-1.666,1.739],[0,0],[3.456,3.606]],"o":[[-2.376,0],[0,0],[-3.457,3.606],[1.666,1.739],[2.376,0],[0,0],[3.456,-3.606],[-1.666,-1.739]],"v":[[0.233,-10.11],[-6.036,-7.414],[-7.709,-5.667],[-7.71,7.414],[-1.441,10.11],[4.827,7.414],[6.501,5.667],[6.501,-7.414]],"c":true},"ix":2},"nm":"Path 1","mn":"ADBE Vector Shape - Group","hd":false},{"ind":1,"ty":"sh","ix":2,"ks":{"a":0,"k":{"i":[[3.304,0],[2.322,2.424],[0,3.449],[-2.323,2.423],[0,0],[-3.304,0],[-2.323,-2.423],[4.81,-5.02],[0,0]],"o":[[-3.304,0],[-2.322,-2.423],[0,-3.446],[0,0],[2.323,-2.423],[3.304,0],[4.81,5.019],[0,0],[-2.322,2.424]],"v":[[-1.441,13.734],[-10.166,9.976],[-13.767,0.872],[-10.165,-8.229],[-8.492,-9.976],[0.233,-13.734],[8.957,-9.976],[8.957,8.229],[7.283,9.976]],"c":true},"ix":2},"nm":"Path 2","mn":"ADBE Vector Shape - Group","hd":false},{"ty":"mm","mm":1,"nm":"Merge Paths 1","mn":"ADBE Vector Filter - Merge","hd":false},{"ty":"fl","c":{"a":0,"k":[0.128999986836,0.128999986836,0.128999986836,1],"ix":4},"o":{"a":0,"k":100,"ix":5},"r":1,"bm":0,"nm":"Fill 1","mn":"ADBE Vector Graphic - Fill","hd":false},{"ty":"tr","p":{"a":0,"k":[53.715,152.352],"ix":2},"a":{"a":0,"k":[0,0],"ix":1},"s":{"a":0,"k":[100,100],"ix":3},"r":{"a":0,"k":0,"ix":6},"o":{"a":0,"k":100,"ix":7},"sk":{"a":0,"k":0,"ix":4},"sa":{"a":0,"k":0,"ix":5},"nm":"Transform"}],"nm":"Group 13","np":4,"cix":2,"bm":0,"ix":11,"mn":"ADBE Vector Group","hd":false},{"ty":"gr","it":[{"ind":0,"ty":"sh","ix":1,"ks":{"a":0,"k":{"i":[[2.376,0],[1.666,-1.739],[0,0],[-3.456,-3.607],[-2.376,0],[-1.666,1.738],[0,0],[0,2.48],[1.666,1.739]],"o":[[-2.376,0],[0,0],[-3.456,3.606],[1.667,1.738],[2.376,0],[0,0],[1.666,-1.739],[0,-2.479],[-1.666,-1.739]],"v":[[5.262,-14.727],[-1.008,-12.031],[-11.531,-1.051],[-11.531,12.031],[-5.262,14.726],[1.007,12.031],[11.531,1.05],[14.115,-5.49],[11.531,-12.031]],"c":true},"ix":2},"nm":"Path 1","mn":"ADBE Vector Shape - Group","hd":false},{"ind":1,"ty":"sh","ix":2,"ks":{"a":0,"k":{"i":[[3.304,0],[2.323,2.423],[0,3.448],[-2.322,2.423],[0,0],[-3.304,0],[-2.323,-2.423],[0,-3.448],[2.322,-2.422],[0,0]],"o":[[-3.304,0],[-2.322,-2.423],[0,-3.446],[0,0],[2.322,-2.423],[3.304,0],[2.321,2.423],[0,3.448],[0,0],[-2.323,2.423]],"v":[[-5.262,18.35],[-13.986,14.592],[-17.588,5.489],[-13.986,-3.613],[-3.464,-14.593],[5.262,-18.35],[13.986,-14.593],[17.588,-5.49],[13.986,3.613],[3.464,14.592]],"c":true},"ix":2},"nm":"Path 2","mn":"ADBE Vector Shape - Group","hd":false},{"ty":"mm","mm":1,"nm":"Merge Paths 1","mn":"ADBE Vector Filter - Merge","hd":false},{"ty":"fl","c":{"a":0,"k":[0.128999986836,0.128999986836,0.128999986836,1],"ix":4},"o":{"a":0,"k":100,"ix":5},"r":1,"bm":0,"nm":"Fill 1","mn":"ADBE Vector Graphic - Fill","hd":false},{"ty":"tr","p":{"a":0,"k":[72.313,163.379],"ix":2},"a":{"a":0,"k":[0,0],"ix":1},"s":{"a":0,"k":[100,100],"ix":3},"r":{"a":0,"k":0,"ix":6},"o":{"a":0,"k":100,"ix":7},"sk":{"a":0,"k":0,"ix":4},"sa":{"a":0,"k":0,"ix":5},"nm":"Transform"}],"nm":"Group 14","np":4,"cix":2,"bm":0,"ix":12,"mn":"ADBE Vector Group","hd":false},{"ty":"gr","it":[{"ind":0,"ty":"sh","ix":1,"ks":{"a":0,"k":{"i":[[11.742,-10.031],[0,0],[-2.95,7.185],[-5.601,4.187],[0,0],[2.295,-5.589]],"o":[[0,0],[11.084,-9.47],[2.409,-5.865],[0,0],[-4.812,3.598],[-2.954,7.193]],"v":[[-12.545,21.359],[-14.745,18.557],[2.632,-6.241],[12.722,-21.359],[14.745,-18.414],[5.825,-4.813]],"c":true},"ix":2},"nm":"Path 1","mn":"ADBE Vector Shape - Group","hd":false},{"ty":"fl","c":{"a":0,"k":[0.128999986836,0.128999986836,0.128999986836,1],"ix":4},"o":{"a":0,"k":100,"ix":5},"r":1,"bm":0,"nm":"Fill 1","mn":"ADBE Vector Graphic - Fill","hd":false},{"ty":"tr","p":{"a":0,"k":[198.745,127.738],"ix":2},"a":{"a":0,"k":[0,0],"ix":1},"s":{"a":0,"k":[100,100],"ix":3},"r":{"a":0,"k":0,"ix":6},"o":{"a":0,"k":100,"ix":7},"sk":{"a":0,"k":0,"ix":4},"sa":{"a":0,"k":0,"ix":5},"nm":"Transform"}],"nm":"Group 15","np":2,"cix":2,"bm":0,"ix":13,"mn":"ADBE Vector Group","hd":false},{"ty":"gr","it":[{"ind":0,"ty":"sh","ix":1,"ks":{"a":0,"k":{"i":[[0,0],[12.195,5.806],[0,0],[-11.825,8.841],[0,0]],"o":[[-9.999,10.433],[0,0],[20.391,-17.421],[0,0],[0,0]],"v":[[-0.027,-18.243],[-37.158,-11.341],[6.971,33.706],[37.158,-8.431],[14.793,-33.706]],"c":true},"ix":2},"nm":"Path 1","mn":"ADBE Vector Shape - Group","hd":false},{"ty":"fl","c":{"a":0,"k":[0,0.11372549019607843,0.24705882352941178,1],"ix":4},"o":{"a":0,"k":100,"ix":5},"r":1,"bm":0,"nm":"Fill 1","mn":"ADBE Vector Graphic - Fill","hd":false},{"ty":"tr","p":{"a":0,"k":[179.27,112.536],"ix":2},"a":{"a":0,"k":[0,0],"ix":1},"s":{"a":0,"k":[100,100],"ix":3},"r":{"a":0,"k":0,"ix":6},"o":{"a":0,"k":100,"ix":7},"sk":{"a":0,"k":0,"ix":4},"sa":{"a":0,"k":0,"ix":5},"nm":"Transform"}],"nm":"Group 16","np":2,"cix":2,"bm":0,"ix":14,"mn":"ADBE Vector Group","hd":false},{"ty":"gr","it":[{"ind":0,"ty":"sh","ix":1,"ks":{"a":0,"k":{"i":[[1.248,1.874],[0.487,0.508],[0,0],[0.767,0.469],[0,0],[4.138,-4.318],[2.248,-0.298],[0.394,-3.259],[1.713,-1.799],[2.255,-0.297],[0.397,-3.259],[1.711,-1.786],[2.248,-0.3],[0.339,-3.212],[0.021,-0.148],[0,0],[0,0],[0,0],[-2.708,0],[-1.764,-1.207],[-0.03,-0.031],[-0.486,-0.508],[-0.365,-0.539],[0.819,-3.107],[0,0],[0,0],[-0.048,-0.049],[0,0],[-0.548,-0.349],[-3.652,3.81],[0,2.858],[1.135,1.813],[-3.579,3.734],[0,2.857],[1.248,1.873],[0.326,0.379],[0,0],[0,0],[-0.548,-0.349],[-3.652,3.81],[0,2.856]],"o":[[-0.335,-0.571],[0,0],[-0.654,-0.687],[0,0],[4.138,4.318],[-1.712,1.785],[-3.123,0.413],[-0.284,2.351],[-1.726,1.788],[-3.123,0.411],[-0.285,2.345],[-1.724,1.799],[-3.072,0.409],[-0.017,0.149],[0,0],[0,0],[0,0.001],[2.068,-2.159],[2.039,0],[0.031,0.031],[0.548,0.382],[0.457,0.476],[1.817,2.724],[0.032,-0.036],[0,0],[0.048,0.051],[0,0],[0.486,0.476],[4.108,2.952],[2.069,-2.159],[0,-2.091],[4.087,2.763],[2.069,-2.16],[0,-2.191],[-0.248,-0.423],[0,0],[0,0],[0.487,0.476],[4.108,2.952],[2.069,-2.159],[0,-2.192]],"v":[[39.799,-1.885],[38.582,-3.472],[32.314,-9.981],[30.156,-11.675],[0.336,-42.788],[0.336,-27.136],[-5.795,-24.011],[-11.639,-17.912],[-14.635,-11.485],[-20.796,-8.358],[-26.641,-2.26],[-29.636,4.136],[-35.782,7.285],[-41.599,13.245],[-41.655,13.692],[-40.134,26.233],[-39.769,26.582],[-38.764,25.535],[-31.249,22.297],[-25.407,24.106],[-25.285,24.201],[-23.764,25.535],[-22.546,27.058],[-21.057,36.301],[-18.682,32.551],[-17.691,31.901],[-17.555,32.057],[-11.317,38.566],[-9.796,39.836],[3.684,38.566],[6.757,30.724],[5.049,24.764],[18.273,23.344],[21.346,15.502],[19.49,9.279],[18.619,8.092],[19.259,7.672],[23.58,12.18],[25.102,13.45],[38.582,12.18],[41.655,4.339]],"c":true},"ix":2},"nm":"Path 1","mn":"ADBE Vector Shape - Group","hd":false},{"ty":"fl","c":{"a":0,"k":[0,0.11372549019607843,0.24705882352941178,1],"ix":4},"o":{"a":0,"k":100,"ix":5},"r":1,"bm":0,"nm":"Fill 1","mn":"ADBE Vector Graphic - Fill","hd":false},{"ty":"tr","p":{"a":0,"k":[145.18,149.189],"ix":2},"a":{"a":0,"k":[0,0],"ix":1},"s":{"a":0,"k":[100,100],"ix":3},"r":{"a":0,"k":0,"ix":6},"o":{"a":0,"k":100,"ix":7},"sk":{"a":0,"k":0,"ix":4},"sa":{"a":0,"k":0,"ix":5},"nm":"Transform"}],"nm":"Group 17","np":2,"cix":2,"bm":0,"ix":15,"mn":"ADBE Vector Group","hd":false},{"ty":"gr","it":[{"ind":0,"ty":"sh","ix":1,"ks":{"a":0,"k":{"i":[[0,0],[0,0],[0,0]],"o":[[0,0],[0,0],[0,0]],"v":[[-0.191,0.201],[0.145,-0.123],[0.191,-0.2]],"c":true},"ix":2},"nm":"Path 1","mn":"ADBE Vector Shape - Group","hd":false},{"ty":"fl","c":{"a":0,"k":[0,0.11372549019607843,0.24705882352941178,1],"ix":4},"o":{"a":0,"k":100,"ix":5},"r":1,"bm":0,"nm":"Fill 1","mn":"ADBE Vector Graphic - Fill","hd":false},{"ty":"tr","p":{"a":0,"k":[120.633,191.166],"ix":2},"a":{"a":0,"k":[0,0],"ix":1},"s":{"a":0,"k":[100,100],"ix":3},"r":{"a":0,"k":0,"ix":6},"o":{"a":0,"k":100,"ix":7},"sk":{"a":0,"k":0,"ix":4},"sa":{"a":0,"k":0,"ix":5},"nm":"Transform"}],"nm":"Group 18","np":2,"cix":2,"bm":0,"ix":16,"mn":"ADBE Vector Group","hd":false}],"ip":12,"op":492,"st":12,"bm":0},{"ddd":0,"ind":6,"ty":4,"nm":"Shape Layer 1","sr":1,"ks":{"o":{"a":0,"k":100,"ix":11},"r":{"a":0,"k":0,"ix":10},"p":{"a":0,"k":[638.25,358.5,0],"ix":2},"a":{"a":0,"k":[0,0,0],"ix":1},"s":{"a":0,"k":[100,100,100],"ix":6}},"ao":0,"shapes":[{"ty":"gr","it":[{"ind":0,"ty":"sh","ix":1,"ks":{"a":0,"k":{"i":[[0,0],[-45.958,-1.958],[0,0]],"o":[[0,0],[55.75,2.375],[0,0]],"v":[[-243.875,-160.75],[-184.5,-190.875],[-124.5,-128.25]],"c":false},"ix":2},"nm":"Path 1","mn":"ADBE Vector Shape - Group","hd":false},{"ty":"st","c":{"a":0,"k":[0.105882352941,0.105882352941,0.105882352941,1],"ix":3},"o":{"a":0,"k":100,"ix":4},"w":{"a":0,"k":4,"ix":5},"lc":1,"lj":1,"ml":4,"bm":0,"d":[{"n":"d","nm":"dash","v":{"a":0,"k":10,"ix":1}},{"n":"o","nm":"offset","v":{"a":0,"k":65,"ix":7}}],"nm":"Stroke 1","mn":"ADBE Vector Graphic - Stroke","hd":false},{"ty":"tr","p":{"a":0,"k":[0,0],"ix":2},"a":{"a":0,"k":[0,0],"ix":1},"s":{"a":0,"k":[100,100],"ix":3},"r":{"a":0,"k":0,"ix":6},"o":{"a":0,"k":100,"ix":7},"sk":{"a":0,"k":0,"ix":4},"sa":{"a":0,"k":0,"ix":5},"nm":"Transform"}],"nm":"Shape 3","np":3,"cix":2,"bm":0,"ix":1,"mn":"ADBE Vector Group","hd":false},{"ty":"gr","it":[{"ind":0,"ty":"sh","ix":1,"ks":{"a":0,"k":{"i":[[0,0],[12,-26.5],[0.5,14.25],[-14.008,-2.802],[-1.75,-5.75],[-5,-0.5],[-3.75,0.5],[-4.5,-1.5],[-4.75,0.25],[-4.5,-0.75],[0,0]],"o":[[0,0],[-7.61,16.805],[-0.347,-9.9],[22.5,4.5],[1.75,5.75],[5,0.5],[3.75,-0.5],[4.5,1.5],[4.75,-0.25],[4.5,0.75],[0,0]],"v":[[-369.5,-81.5],[-359.5,-27.25],[-381.75,-31.25],[-352.25,-67.75],[-347.75,-28.5],[-335.5,-36],[-329.5,-27.75],[-320,-37.75],[-313.5,-25.5],[-304.5,-38],[-299.75,-26.25]],"c":false},"ix":2},"nm":"Path 1","mn":"ADBE Vector Shape - Group","hd":false},{"ty":"st","c":{"a":0,"k":[0.105882352941,0.105882352941,0.105882352941,1],"ix":3},"o":{"a":0,"k":100,"ix":4},"w":{"a":0,"k":4,"ix":5},"lc":1,"lj":1,"ml":4,"bm":0,"nm":"Stroke 1","mn":"ADBE Vector Graphic - Stroke","hd":false},{"ty":"tr","p":{"a":0,"k":[0,0],"ix":2},"a":{"a":0,"k":[0,0],"ix":1},"s":{"a":0,"k":[100,100],"ix":3},"r":{"a":0,"k":0,"ix":6},"o":{"a":0,"k":100,"ix":7},"sk":{"a":0,"k":0,"ix":4},"sa":{"a":0,"k":0,"ix":5},"nm":"Transform"}],"nm":"Shape 2","np":3,"cix":2,"bm":0,"ix":2,"mn":"ADBE Vector Group","hd":false},{"ty":"gr","it":[{"ind":0,"ty":"sh","ix":1,"ks":{"a":0,"k":{"i":[[0,0],[0,0]],"o":[[0,0],[0,0]],"v":[[-375.5,-113.5],[-306.75,-113.25]],"c":false},"ix":2},"nm":"Path 1","mn":"ADBE Vector Shape - Group","hd":false},{"ty":"st","c":{"a":0,"k":[0.105882352941,0.105882352941,0.105882352941,1],"ix":3},"o":{"a":0,"k":100,"ix":4},"w":{"a":0,"k":4,"ix":5},"lc":1,"lj":1,"ml":4,"bm":0,"d":[{"n":"d","nm":"dash","v":{"a":0,"k":10,"ix":1}},{"n":"o","nm":"offset","v":{"a":0,"k":0,"ix":7}}],"nm":"Stroke 1","mn":"ADBE Vector Graphic - Stroke","hd":false},{"ty":"tr","p":{"a":0,"k":[0,0],"ix":2},"a":{"a":0,"k":[0,0],"ix":1},"s":{"a":0,"k":[100,100],"ix":3},"r":{"a":0,"k":0,"ix":6},"o":{"a":0,"k":100,"ix":7},"sk":{"a":0,"k":0,"ix":4},"sa":{"a":0,"k":0,"ix":5},"nm":"Transform"}],"nm":"Shape 1","np":3,"cix":2,"bm":0,"ix":3,"mn":"ADBE Vector Group","hd":false},{"ty":"tm","s":{"a":1,"k":[{"i":{"x":[0.667],"y":[1]},"o":{"x":[0.333],"y":[0]},"t":42,"s":[0]},{"i":{"x":[0.674],"y":[0.561]},"o":{"x":[0.157],"y":[0]},"t":87.6,"s":[100]},{"i":{"x":[0.791],"y":[1]},"o":{"x":[0.434],"y":[0.223]},"t":129.6,"s":[50]},{"i":{"x":[0.667],"y":[1]},"o":{"x":[0.167],"y":[0]},"t":139.2,"s":[20]},{"t":195.6,"s":[100]}],"ix":1},"e":{"a":0,"k":0,"ix":2},"o":{"a":0,"k":0,"ix":3},"m":1,"ix":4,"nm":"Trim Paths 1","mn":"ADBE Vector Filter - Trim","hd":false}],"ip":42,"op":153.6,"st":42,"bm":0},{"ddd":0,"ind":7,"ty":4,"nm":"Layer 21 Outlines","sr":1,"ks":{"o":{"a":0,"k":100,"ix":11},"r":{"a":0,"k":0,"ix":10},"p":{"a":0,"k":[338.733,277.514,0],"ix":2},"a":{"a":0,"k":[103.868,63.122,0],"ix":1},"s":{"a":1,"k":[{"i":{"x":[0.667,0.667,0.667],"y":[1,1,1]},"o":{"x":[0.333,0.333,0.333],"y":[0,0,0]},"t":20.4,"s":[0,0,100]},{"i":{"x":[0.667,0.667,0.667],"y":[0.656,0.656,1]},"o":{"x":[0.333,0.333,0.333],"y":[0,0,0]},"t":28.8,"s":[111,111,100]},{"i":{"x":[0.667,0.667,0.667],"y":[1,1,1]},"o":{"x":[0.333,0.333,0.333],"y":[-1.1,-1.1,0]},"t":31.2,"s":[95,95,100]},{"t":33.6,"s":[100,100,100]}],"ix":6}},"ao":0,"shapes":[{"ty":"gr","it":[{"ind":0,"ty":"sh","ix":1,"ks":{"a":0,"k":{"i":[[3.701,2.997],[3.403,-0.238],[0,0],[2.935,-2.932],[0,-4.249],[0,0],[0,0],[0,0],[-2.275,2.272],[-3.224,-0.155],[0,0],[0,-4.757],[0,0],[0,0],[0,0],[-4.888,1.308],[-0.58,0.055],[0,0],[0,0],[-2.067,-1.672],[0,-3.901],[0,0],[0,0],[0,0],[0,0],[0,0]],"o":[[-2.76,-2.234],[0,0],[-4.093,-0.167],[-2.923,2.92],[0,0],[0,0],[0,0],[0,-3.314],[2.243,-2.241],[0,0],[-3.166,2.896],[0,0],[0,0],[0,0],[0,-5.567],[0.583,-0.157],[0,0],[0,0],[2.512,-0.148],[2.859,2.315],[0,0],[0,0],[0,0],[0,0],[0,0],[0,-5.012]],"v":[[84.973,-50.603],[75.442,-53.636],[-75.373,-53.634],[-86.285,-49.377],[-90.882,-38.097],[-90.882,53.874],[-87.41,53.874],[-87.41,-38.097],[-83.882,-46.759],[-75.449,-50.012],[67.061,-50.012],[61.939,-38.035],[61.939,-22.228],[65.412,-22.228],[65.412,-38.035],[73.714,-49.712],[75.46,-50.012],[75.831,-50.012],[75.831,-50.044],[82.843,-47.74],[87.41,-37.813],[87.41,-27.06],[71.201,-27.06],[71.201,-23.436],[90.882,-23.436],[90.882,-37.813]],"c":true},"ix":2},"nm":"Path 1","mn":"ADBE Vector Shape - Group","hd":false},{"ty":"fl","c":{"a":0,"k":[0.128999986836,0.128999986836,0.128999986836,1],"ix":4},"o":{"a":0,"k":100,"ix":5},"r":1,"bm":0,"nm":"Fill 1","mn":"ADBE Vector Graphic - Fill","hd":false},{"ty":"tr","p":{"a":0,"k":[91.132,54.124],"ix":2},"a":{"a":0,"k":[0,0],"ix":1},"s":{"a":0,"k":[100,100],"ix":3},"r":{"a":0,"k":0,"ix":6},"o":{"a":0,"k":100,"ix":7},"sk":{"a":0,"k":0,"ix":4},"sa":{"a":0,"k":0,"ix":5},"nm":"Transform"}],"nm":"Group 8","np":2,"cix":2,"bm":0,"ix":1,"mn":"ADBE Vector Group","hd":false},{"ty":"gr","it":[{"ind":0,"ty":"sh","ix":1,"ks":{"a":0,"k":{"i":[[0,0],[0,0],[0,0],[0,0]],"o":[[0,0],[0,0],[0,0],[0,0]],"v":[[-1.736,18.723],[1.736,18.723],[1.736,-18.723],[-1.736,-18.723]],"c":true},"ix":2},"nm":"Path 1","mn":"ADBE Vector Shape - Group","hd":false},{"ty":"fl","c":{"a":0,"k":[0.128999986836,0.128999986836,0.128999986836,1],"ix":4},"o":{"a":0,"k":100,"ix":5},"r":1,"bm":0,"nm":"Fill 1","mn":"ADBE Vector Graphic - Fill","hd":false},{"ty":"tr","p":{"a":0,"k":[154.809,77.024],"ix":2},"a":{"a":0,"k":[0,0],"ix":1},"s":{"a":0,"k":[126.508,126.508],"ix":3},"r":{"a":0,"k":0,"ix":6},"o":{"a":0,"k":100,"ix":7},"sk":{"a":0,"k":0,"ix":4},"sa":{"a":0,"k":0,"ix":5},"nm":"Transform"}],"nm":"Group 9","np":2,"cix":2,"bm":0,"ix":2,"mn":"ADBE Vector Group","hd":false},{"ty":"gr","it":[{"ind":0,"ty":"sh","ix":1,"ks":{"a":0,"k":{"i":[[0,0],[0,0],[0,0],[0,0]],"o":[[0,0],[0,0],[0,0],[0,0]],"v":[[1.736,17.516],[-1.736,17.516],[-1.736,-17.516],[1.736,-17.516]],"c":true},"ix":2},"nm":"Path 1","mn":"ADBE Vector Shape - Group","hd":false},{"ty":"fl","c":{"a":0,"k":[0.128999986836,0.128999986836,0.128999986836,1],"ix":4},"o":{"a":0,"k":100,"ix":5},"r":1,"bm":0,"nm":"Fill 1","mn":"ADBE Vector Graphic - Fill","hd":false},{"ty":"tr","p":{"a":0,"k":[154.809,36.123],"ix":2},"a":{"a":0,"k":[0,0],"ix":1},"s":{"a":0,"k":[100,100],"ix":3},"r":{"a":0,"k":0,"ix":6},"o":{"a":0,"k":100,"ix":7},"sk":{"a":0,"k":0,"ix":4},"sa":{"a":0,"k":0,"ix":5},"nm":"Transform"}],"nm":"Group 10","np":2,"cix":2,"bm":0,"ix":3,"mn":"ADBE Vector Group","hd":false},{"ty":"gr","it":[{"ind":0,"ty":"sh","ix":1,"ks":{"a":0,"k":{"i":[[0,-6.203],[0,0],[0,0],[0,0],[8.342,-2.233]],"o":[[0,0],[0,0],[0,0],[0,-8.869],[-5.758,1.542]],"v":[[-12.735,1.72],[-12.735,13.945],[12.735,13.945],[12.735,1.944],[-3.128,-11.712]],"c":true},"ix":2},"nm":"Path 1","mn":"ADBE Vector Shape - Group","hd":false},{"ty":"fl","c":{"a":0,"k":[0,0.11372549019607843,0.24705882352941178,1],"ix":4},"o":{"a":0,"k":100,"ix":5},"r":1,"bm":0,"nm":"Fill 1","mn":"ADBE Vector Graphic - Fill","hd":false},{"ty":"tr","p":{"a":0,"k":[166.964,15.534],"ix":2},"a":{"a":0,"k":[0,0],"ix":1},"s":{"a":0,"k":[100,100],"ix":3},"r":{"a":0,"k":0,"ix":6},"o":{"a":0,"k":100,"ix":7},"sk":{"a":0,"k":0,"ix":4},"sa":{"a":0,"k":0,"ix":5},"nm":"Transform"}],"nm":"Group 11","np":2,"cix":2,"bm":0,"ix":4,"mn":"ADBE Vector Group","hd":false},{"ty":"gr","it":[{"ind":0,"ty":"sh","ix":1,"ks":{"a":0,"k":{"i":[[0,0],[0,0],[0,0],[0,0],[0,0]],"o":[[0,0],[0,0],[0,0],[0,0],[0,0]],"v":[[94.135,3.108],[13.138,1.546],[2.135,12.358],[2.135,93.108],[106.135,95.608]],"c":true},"ix":2},"nm":"Path 1","mn":"ADBE Vector Shape - Group","hd":false},{"ty":"fl","c":{"a":0,"k":[1,1,1,1],"ix":4},"o":{"a":0,"k":100,"ix":5},"r":1,"bm":0,"nm":"Fill 1","mn":"ADBE Vector Graphic - Fill","hd":false},{"ty":"tr","p":{"a":0,"k":[0,0],"ix":2},"a":{"a":0,"k":[0,0],"ix":1},"s":{"a":0,"k":[100,100],"ix":3},"r":{"a":0,"k":0,"ix":6},"o":{"a":0,"k":100,"ix":7},"sk":{"a":0,"k":0,"ix":4},"sa":{"a":0,"k":0,"ix":5},"nm":"Transform"}],"nm":"Shape 1","np":3,"cix":2,"bm":0,"ix":5,"mn":"ADBE Vector Group","hd":false}],"ip":20.4,"op":500.4,"st":20.4,"bm":0},{"ddd":0,"ind":8,"ty":4,"nm":"bulb Outlines","sr":1,"ks":{"o":{"a":0,"k":100,"ix":11},"r":{"a":0,"k":0,"ix":10},"p":{"a":0,"k":[453.568,254.486,0],"ix":2},"a":{"a":0,"k":[61.681,88.69,0],"ix":1},"s":{"a":1,"k":[{"i":{"x":[0.667,0.667,0.667],"y":[1,1,1]},"o":{"x":[0.333,0.333,0.333],"y":[0,0,0]},"t":25.2,"s":[0,0,100]},{"i":{"x":[0.667,0.667,0.667],"y":[0.656,0.656,1]},"o":{"x":[0.333,0.333,0.333],"y":[0,0,0]},"t":33.6,"s":[111,111,100]},{"i":{"x":[0.667,0.667,0.667],"y":[1,1,1]},"o":{"x":[0.333,0.333,0.333],"y":[-1.1,-1.1,0]},"t":36,"s":[95,95,100]},{"t":38.4,"s":[100,100,100]}],"ix":6}},"ao":0,"shapes":[{"ty":"gr","it":[{"ind":0,"ty":"sh","ix":1,"ks":{"a":0,"k":{"i":[[0,0],[0,0],[-1.489,-2.296],[-4.199,0],[0,0],[-2.199,3.388],[0,2.81],[0,0]],"o":[[0,0],[0,2.81],[2.198,3.388],[0,0],[4.199,0],[1.488,-2.296],[0,0],[0,0]],"v":[[-13.314,-7.248],[-13.314,-5.967],[-11.039,1.837],[-0.822,7.248],[0.82,7.248],[11.039,1.837],[13.314,-5.967],[13.314,-7.248]],"c":true},"ix":2},"nm":"Path 1","mn":"ADBE Vector Shape - Group","hd":false},{"ind":1,"ty":"sh","ix":2,"ks":{"a":0,"k":{"i":[[5.353,0],[0,0],[2.846,4.386],[0,3.537],[0,0],[0,0],[0,0],[1.879,-2.897]],"o":[[0,0],[-5.353,0],[-1.879,-2.897],[0,0],[0,0],[0,0],[0,3.537],[-2.846,4.386]],"v":[[0.82,10.872],[-0.822,10.872],[-13.915,3.868],[-16.788,-5.967],[-16.788,-10.872],[16.788,-10.872],[16.788,-5.967],[13.914,3.868]],"c":true},"ix":2},"nm":"Path 2","mn":"ADBE Vector Shape - Group","hd":false},{"ty":"mm","mm":1,"nm":"Merge Paths 1","mn":"ADBE Vector Filter - Merge","hd":false},{"ty":"fl","c":{"a":0,"k":[0,0.11372549019607843,0.24705882352941178,1],"ix":4},"o":{"a":0,"k":50,"ix":5},"r":1,"bm":0,"nm":"Fill 1","mn":"ADBE Vector Graphic - Fill","hd":false},{"ty":"tr","p":{"a":0,"k":[55.674,166.258],"ix":2},"a":{"a":0,"k":[0,0],"ix":1},"s":{"a":0,"k":[100,100],"ix":3},"r":{"a":0,"k":0,"ix":6},"o":{"a":0,"k":100,"ix":7},"sk":{"a":0,"k":0,"ix":4},"sa":{"a":0,"k":0,"ix":5},"nm":"Transform"}],"nm":"Group 2","np":4,"cix":2,"bm":0,"ix":1,"mn":"ADBE Vector Group","hd":false},{"ty":"gr","it":[{"ind":0,"ty":"sh","ix":1,"ks":{"a":0,"k":{"i":[[0,0],[0,0],[0,0],[0,0]],"o":[[0,0],[0,0],[0,0],[0,0]],"v":[[1.736,17.516],[-1.736,17.516],[-1.736,-17.516],[1.736,-17.516]],"c":true},"ix":2},"nm":"Path 1","mn":"ADBE Vector Shape - Group","hd":false},{"ty":"fl","c":{"a":0,"k":[0,0.11372549019607843,0.24705882352941178,1],"ix":4},"o":{"a":0,"k":50,"ix":5},"r":1,"bm":0,"nm":"Fill 1","mn":"ADBE Vector Graphic - Fill","hd":false},{"ty":"tr","p":{"a":0,"k":[62.62,108.878],"ix":2},"a":{"a":0,"k":[0,0],"ix":1},"s":{"a":0,"k":[100,100],"ix":3},"r":{"a":0,"k":0,"ix":6},"o":{"a":0,"k":100,"ix":7},"sk":{"a":0,"k":0,"ix":4},"sa":{"a":0,"k":0,"ix":5},"nm":"Transform"}],"nm":"Group 3","np":2,"cix":2,"bm":0,"ix":2,"mn":"ADBE Vector Group","hd":false},{"ty":"gr","it":[{"ind":0,"ty":"sh","ix":1,"ks":{"a":0,"k":{"i":[[0.409,0],[1.621,-1.69],[-0.379,-2.831],[-4.407,0],[0,0],[0,0],[4.159,0.606]],"o":[[-2.27,0],[-1.913,1.997],[0.582,4.339],[0,0],[0,0],[0,-4.599],[-0.414,-0.061]],"v":[[0.211,-8.69],[-5.831,-6.082],[-8.244,1.513],[0.508,9.124],[8.743,9.124],[8.743,0.531],[1.448,-8.599]],"c":true},"ix":2},"nm":"Path 1","mn":"ADBE Vector Shape - Group","hd":false},{"ind":1,"ty":"sh","ix":2,"ks":{"a":0,"k":{"i":[[0,0],[0,0],[0.821,6.117],[-2.69,2.808],[-3.804,-0.559],[0,-6.396]],"o":[[0,0],[-6.13,0],[-0.532,-3.968],[2.69,-2.808],[5.864,0.855],[0,0]],"v":[[12.216,12.747],[0.508,12.747],[-11.684,2.017],[-8.287,-8.645],[1.93,-12.189],[12.216,0.531]],"c":true},"ix":2},"nm":"Path 2","mn":"ADBE Vector Shape - Group","hd":false},{"ty":"mm","mm":1,"nm":"Merge Paths 1","mn":"ADBE Vector Filter - Merge","hd":false},{"ty":"fl","c":{"a":0,"k":[0,0.11372549019607843,0.24705882352941178,1],"ix":4},"o":{"a":0,"k":50,"ix":5},"r":1,"bm":0,"nm":"Fill 1","mn":"ADBE Vector Graphic - Fill","hd":false},{"ty":"tr","p":{"a":0,"k":[44.037,81.032],"ix":2},"a":{"a":0,"k":[0,0],"ix":1},"s":{"a":0,"k":[100,100],"ix":3},"r":{"a":0,"k":0,"ix":6},"o":{"a":0,"k":100,"ix":7},"sk":{"a":0,"k":0,"ix":4},"sa":{"a":0,"k":0,"ix":5},"nm":"Transform"}],"nm":"Group 4","np":4,"cix":2,"bm":0,"ix":3,"mn":"ADBE Vector Group","hd":false},{"ty":"gr","it":[{"ind":0,"ty":"sh","ix":1,"ks":{"a":0,"k":{"i":[[0,0],[0,0],[-0.582,4.339],[1.913,1.997],[2.712,-0.393],[0,-4.599]],"o":[[0,0],[4.408,0],[0.38,-2.831],[-1.913,-1.996],[-4.158,0.606],[0,0]],"v":[[-8.742,9.121],[-0.508,9.121],[8.244,1.511],[5.831,-6.085],[-1.449,-8.602],[-8.742,0.529]],"c":true},"ix":2},"nm":"Path 1","mn":"ADBE Vector Shape - Group","hd":false},{"ind":1,"ty":"sh","ix":2,"ks":{"a":0,"k":{"i":[[6.13,0],[0,0],[0,0],[-5.864,0.855],[-2.691,-2.807],[0.532,-3.968]],"o":[[0,0],[0,0],[0,-6.396],[3.804,-0.554],[2.691,2.808],[-0.821,6.117]],"v":[[-0.508,12.745],[-12.215,12.745],[-12.215,0.529],[-1.929,-12.191],[8.288,-8.647],[11.684,2.014]],"c":true},"ix":2},"nm":"Path 2","mn":"ADBE Vector Shape - Group","hd":false},{"ty":"mm","mm":1,"nm":"Merge Paths 1","mn":"ADBE Vector Filter - Merge","hd":false},{"ty":"fl","c":{"a":0,"k":[0,0.11372549019607843,0.24705882352941178,1],"ix":4},"o":{"a":0,"k":50,"ix":5},"r":1,"bm":0,"nm":"Fill 1","mn":"ADBE Vector Graphic - Fill","hd":false},{"ty":"tr","p":{"a":0,"k":[73.099,81.035],"ix":2},"a":{"a":0,"k":[0,0],"ix":1},"s":{"a":0,"k":[100,100],"ix":3},"r":{"a":0,"k":0,"ix":6},"o":{"a":0,"k":100,"ix":7},"sk":{"a":0,"k":0,"ix":4},"sa":{"a":0,"k":0,"ix":5},"nm":"Transform"}],"nm":"Group 5","np":4,"cix":2,"bm":0,"ix":4,"mn":"ADBE Vector Group","hd":false},{"ty":"gr","it":[{"ind":0,"ty":"sh","ix":1,"ks":{"a":0,"k":{"i":[[6.322,0],[0,0],[0.016,7.04],[0,0],[-4.838,0],[0,0],[0,4.598],[0,0],[-3.083,3.075],[0,13.1],[9.298,9.115],[12.784,-0.835],[7.906,-8.212],[0,0],[-11.799,0.766],[-9.997,-9.8],[0,-14.11],[9.805,-9.781],[0,-3.582],[0,0]],"o":[[0,0],[-6.748,0],[0,0],[0.012,5.048],[0,0],[4.407,0],[0,0],[0,-4.566],[9.113,-9.092],[0,-13.306],[-9.291,-9.11],[-10.957,0.713],[0,0],[8.504,-8.832],[13.751,-0.898],[9.859,9.666],[0,14.099],[-2.401,2.395],[0,0],[0,6.597]],"v":[[11.465,61.512],[-25.212,61.512],[-37.48,48.743],[-34.008,48.734],[-25.212,57.888],[11.465,57.888],[19.456,49.549],[19.456,37.048],[24.307,25.023],[38.439,-9.39],[24.021,-44.16],[-10.212,-56.998],[-39.462,-43.159],[-41.913,-45.728],[-10.428,-60.614],[26.398,-46.802],[41.913,-9.39],[26.707,27.642],[22.93,37.048],[22.93,49.549]],"c":true},"ix":2},"nm":"Path 1","mn":"ADBE Vector Shape - Group","hd":false},{"ty":"fl","c":{"a":0,"k":[0,0.11372549019607843,0.24705882352941178,1],"ix":4},"o":{"a":0,"k":50,"ix":5},"r":1,"bm":0,"nm":"Fill 1","mn":"ADBE Vector Graphic - Fill","hd":false},{"ty":"tr","p":{"a":0,"k":[63.424,84.21],"ix":2},"a":{"a":0,"k":[0,0],"ix":1},"s":{"a":0,"k":[100,100],"ix":3},"r":{"a":0,"k":0,"ix":6},"o":{"a":0,"k":100,"ix":7},"sk":{"a":0,"k":0,"ix":4},"sa":{"a":0,"k":0,"ix":5},"nm":"Transform"}],"nm":"Group 6","np":2,"cix":2,"bm":0,"ix":5,"mn":"ADBE Vector Group","hd":false}],"ip":25.2,"op":505.2,"st":25.2,"bm":0},{"ddd":0,"ind":9,"ty":4,"nm":"Shape Layer 2","sr":1,"ks":{"o":{"a":0,"k":100,"ix":11},"r":{"a":0,"k":0,"ix":10},"p":{"a":0,"k":[638.25,358.5,0],"ix":2},"a":{"a":0,"k":[0,0,0],"ix":1},"s":{"a":0,"k":[100,100,100],"ix":6}},"ao":0,"shapes":[{"ty":"gr","it":[{"ind":0,"ty":"sh","ix":1,"ks":{"a":0,"k":{"i":[[0,0],[0.672,0.675],[1.914,-0.091],[1.327,-1.539],[8.553,5.581],[0.815,1.352],[-2.941,5.558],[-5.772,0],[-3.023,-3.889],[-0.363,-0.192],[-2.011,1.288],[0,2.357],[0,0],[0,0],[-1.298,-1.4],[0.103,-3.004],[2.186,-2.044],[-4.285,-7.129],[-0.856,-0.56],[-4.199,2.42],[0,4.683],[2.915,2.461],[0.408,0.835],[-1.874,3.191],[-3.487,0],[0,0],[0,0]],"o":[[0,0],[-1.762,-1.772],[-1.774,0.066],[-4.505,5.226],[-1.301,-0.85],[-3.567,-5.91],[2.789,-5.272],[4.793,0],[0.338,0.434],[2.322,1.233],[1.932,-1.237],[0,0],[0,0],[1.87,0],[2.375,2.561],[-0.096,2.841],[-3.935,3.68],[0.539,0.895],[4.58,3.001],[3.938,-2.274],[0,-3.895],[-0.798,-0.673],[-1.739,-3.562],[1.822,-3.103],[0,0],[0,0],[0,0]],"v":[[-40.414,56.171],[-41.22,11.629],[-46.842,9.03],[-51.649,11.518],[-73.08,13.941],[-76.316,10.576],[-77.301,-7.47],[-63.421,-16.017],[-51.122,-9.897],[-50.066,-8.953],[-43.248,-9.041],[-40.164,-14.781],[-40.158,-56.171],[6.86,-56.171],[11.845,-53.968],[15.317,-45.462],[11.778,-37.888],[10.076,-20.175],[12.209,-17.948],[26.024,-17.039],[32.409,-28.317],[27.822,-38.318],[26.005,-40.591],[26.218,-51.215],[34.697,-56.171],[80.242,-56.171],[80.463,55.359]],"c":true},"ix":2},"nm":"Path 1","mn":"ADBE Vector Shape - Group","hd":false},{"ty":"st","c":{"a":0,"k":[0,0.11372549019607843,0.24705882352941178,1],"ix":3},"o":{"a":0,"k":75,"ix":4},"w":{"a":0,"k":4,"ix":5},"lc":1,"lj":1,"ml":4,"bm":0,"nm":"Stroke 1","mn":"ADBE Vector Graphic - Stroke","hd":false},{"ty":"tr","p":{"a":0,"k":[-431.508,-136.579],"ix":2},"a":{"a":0,"k":[0,0],"ix":1},"s":{"a":0,"k":[100,100],"ix":3},"r":{"a":0,"k":0,"ix":6},"o":{"a":0,"k":100,"ix":7},"sk":{"a":0,"k":0,"ix":4},"sa":{"a":0,"k":0,"ix":5},"nm":"Transform"}],"nm":"Group 1","np":2,"cix":2,"bm":0,"ix":1,"mn":"ADBE Vector Group","hd":false},{"ty":"tm","s":{"a":1,"k":[{"i":{"x":[0.667],"y":[1]},"o":{"x":[0.333],"y":[0]},"t":25.2,"s":[0]},{"i":{"x":[0.667],"y":[1]},"o":{"x":[0.157],"y":[0]},"t":37.2,"s":[100]},{"i":{"x":[0.667],"y":[1]},"o":{"x":[0.157],"y":[0]},"t":108,"s":[100]},{"t":178.8,"s":[100]}],"ix":1},"e":{"a":0,"k":0,"ix":2},"o":{"a":0,"k":0,"ix":3},"m":1,"ix":2,"nm":"Trim Paths 1","mn":"ADBE Vector Filter - Trim","hd":false}],"ip":25.2,"op":150,"st":25.2,"bm":0}]}],"layers":[{"ddd":0,"ind":1,"ty":0,"nm":"Pre-comp 7","refId":"comp_0","sr":1,"ks":{"o":{"a":0,"k":100,"ix":11},"r":{"a":0,"k":0,"ix":10},"p":{"a":0,"k":[726,384,0],"ix":2},"a":{"a":0,"k":[640,360,0],"ix":1},"s":{"a":0,"k":[112,112,100],"ix":6}},"ao":0,"tm":{"a":1,"k":[{"i":{"x":[0.667],"y":[1]},"o":{"x":[0.333],"y":[0]},"t":-21,"s":[0]},{"i":{"x":[0.667],"y":[1]},"o":{"x":[0.333],"y":[0]},"t":104,"s":[3.68]},{"t":129,"s":[0]}],"ix":2},"w":1280,"h":720,"ip":0,"op":129,"st":-21,"bm":0}],"markers":[]}